<annotation>
	<folder>train</folder>
	<filename>banana_0055.jpg</filename>
	<path>C:\FRUIT\train\banana_0055.jpg</path>
	<source>
		<database>Unknown</database>
	</source>
	<size>
		<width>375</width>
		<height>500</height>
		<depth>3</depth>
	</size>
	<segmented>0</segmented>
	<object>
		<name>banana</name>
		<pose>Unspecified</pose>
		<truncated>0</truncated>
		<difficult>0</difficult>
		<bndbox>
			<xmin>117</xmin>
			<ymin>144</ymin>
			<xmax>322</xmax>
			<ymax>491</ymax>
		</bndbox>
	</object>
</annotation>
