<annotation>
	<folder>train</folder>
	<filename>banana_0044.jpg</filename>
	<path>C:\FRUIT\train\banana_0044.jpg</path>
	<source>
		<database>Unknown</database>
	</source>
	<size>
		<width>378</width>
		<height>500</height>
		<depth>3</depth>
	</size>
	<segmented>0</segmented>
	<object>
		<name>banana</name>
		<pose>Unspecified</pose>
		<truncated>0</truncated>
		<difficult>0</difficult>
		<bndbox>
			<xmin>74</xmin>
			<ymin>101</ymin>
			<xmax>357</xmax>
			<ymax>166</ymax>
		</bndbox>
	</object>
	<object>
		<name>banana</name>
		<pose>Unspecified</pose>
		<truncated>0</truncated>
		<difficult>0</difficult>
		<bndbox>
			<xmin>82</xmin>
			<ymin>304</ymin>
			<xmax>314</xmax>
			<ymax>389</ymax>
		</bndbox>
	</object>
</annotation>
