<annotation>
	<folder>train</folder>
	<filename>banana_0067.jpg</filename>
	<path>C:\FRUIT\train\banana_0067.jpg</path>
	<source>
		<database>Unknown</database>
	</source>
	<size>
		<width>500</width>
		<height>333</height>
		<depth>3</depth>
	</size>
	<segmented>0</segmented>
	<object>
		<name>banana</name>
		<pose>Unspecified</pose>
		<truncated>0</truncated>
		<difficult>0</difficult>
		<bndbox>
			<xmin>18</xmin>
			<ymin>98</ymin>
			<xmax>134</xmax>
			<ymax>280</ymax>
		</bndbox>
	</object>
	<object>
		<name>banana</name>
		<pose>Unspecified</pose>
		<truncated>0</truncated>
		<difficult>0</difficult>
		<bndbox>
			<xmin>100</xmin>
			<ymin>151</ymin>
			<xmax>483</xmax>
			<ymax>332</ymax>
		</bndbox>
	</object>
</annotation>
