<annotation>
	<folder>train</folder>
	<filename>banana_0157.jpg</filename>
	<path>C:\FRUIT\train\banana_0157.jpg</path>
	<source>
		<database>Unknown</database>
	</source>
	<size>
		<width>500</width>
		<height>375</height>
		<depth>3</depth>
	</size>
	<segmented>0</segmented>
	<object>
		<name>banana</name>
		<pose>Unspecified</pose>
		<truncated>0</truncated>
		<difficult>0</difficult>
		<bndbox>
			<xmin>44</xmin>
			<ymin>92</ymin>
			<xmax>421</xmax>
			<ymax>230</ymax>
		</bndbox>
	</object>
</annotation>
