<annotation>
	<folder>train</folder>
	<filename>banana_0083.jpg</filename>
	<path>C:\FRUIT\train\banana_0083.jpg</path>
	<source>
		<database>Unknown</database>
	</source>
	<size>
		<width>500</width>
		<height>402</height>
		<depth>3</depth>
	</size>
	<segmented>0</segmented>
	<object>
		<name>banana</name>
		<pose>Unspecified</pose>
		<truncated>1</truncated>
		<difficult>0</difficult>
		<bndbox>
			<xmin>23</xmin>
			<ymin>1</ymin>
			<xmax>498</xmax>
			<ymax>261</ymax>
		</bndbox>
	</object>
	<object>
		<name>banana</name>
		<pose>Unspecified</pose>
		<truncated>0</truncated>
		<difficult>0</difficult>
		<bndbox>
			<xmin>3</xmin>
			<ymin>122</ymin>
			<xmax>468</xmax>
			<ymax>390</ymax>
		</bndbox>
	</object>
</annotation>
