<annotation>
	<folder>train</folder>
	<filename>banana_0126.jpg</filename>
	<path>C:\FRUIT\train\banana_0126.jpg</path>
	<source>
		<database>Unknown</database>
	</source>
	<size>
		<width>500</width>
		<height>333</height>
		<depth>3</depth>
	</size>
	<segmented>0</segmented>
	<object>
		<name>banana</name>
		<pose>Unspecified</pose>
		<truncated>0</truncated>
		<difficult>0</difficult>
		<bndbox>
			<xmin>216</xmin>
			<ymin>39</ymin>
			<xmax>390</xmax>
			<ymax>110</ymax>
		</bndbox>
	</object>
	<object>
		<name>banana</name>
		<pose>Unspecified</pose>
		<truncated>0</truncated>
		<difficult>0</difficult>
		<bndbox>
			<xmin>215</xmin>
			<ymin>143</ymin>
			<xmax>379</xmax>
			<ymax>241</ymax>
		</bndbox>
	</object>
</annotation>
