<annotation>
	<folder>train</folder>
	<filename>banana_0123.jpg</filename>
	<path>C:\FRUIT\train\banana_0123.jpg</path>
	<source>
		<database>Unknown</database>
	</source>
	<size>
		<width>500</width>
		<height>375</height>
		<depth>3</depth>
	</size>
	<segmented>0</segmented>
	<object>
		<name>banana</name>
		<pose>Unspecified</pose>
		<truncated>1</truncated>
		<difficult>0</difficult>
		<bndbox>
			<xmin>29</xmin>
			<ymin>231</ymin>
			<xmax>213</xmax>
			<ymax>375</ymax>
		</bndbox>
	</object>
</annotation>
