<annotation>
	<folder>train</folder>
	<filename>banana_0059.jpg</filename>
	<path>C:\FRUIT\train\banana_0059.jpg</path>
	<source>
		<database>Unknown</database>
	</source>
	<size>
		<width>500</width>
		<height>333</height>
		<depth>3</depth>
	</size>
	<segmented>0</segmented>
	<object>
		<name>banana</name>
		<pose>Unspecified</pose>
		<truncated>0</truncated>
		<difficult>0</difficult>
		<bndbox>
			<xmin>120</xmin>
			<ymin>6</ymin>
			<xmax>465</xmax>
			<ymax>153</ymax>
		</bndbox>
	</object>
	<object>
		<name>banana</name>
		<pose>Unspecified</pose>
		<truncated>0</truncated>
		<difficult>0</difficult>
		<bndbox>
			<xmin>172</xmin>
			<ymin>139</ymin>
			<xmax>408</xmax>
			<ymax>321</ymax>
		</bndbox>
	</object>
</annotation>
