<annotation>
	<folder>train</folder>
	<filename>banana_0151.jpg</filename>
	<path>C:\FRUIT\train\banana_0151.jpg</path>
	<source>
		<database>Unknown</database>
	</source>
	<size>
		<width>500</width>
		<height>438</height>
		<depth>3</depth>
	</size>
	<segmented>0</segmented>
	<object>
		<name>banana</name>
		<pose>Unspecified</pose>
		<truncated>0</truncated>
		<difficult>0</difficult>
		<bndbox>
			<xmin>79</xmin>
			<ymin>41</ymin>
			<xmax>338</xmax>
			<ymax>410</ymax>
		</bndbox>
	</object>
</annotation>
