<annotation>
	<folder>train</folder>
	<filename>banana_0158.jpg</filename>
	<path>C:\FRUIT\train\banana_0158.jpg</path>
	<source>
		<database>Unknown</database>
	</source>
	<size>
		<width>500</width>
		<height>361</height>
		<depth>3</depth>
	</size>
	<segmented>0</segmented>
	<object>
		<name>banana</name>
		<pose>Unspecified</pose>
		<truncated>1</truncated>
		<difficult>0</difficult>
		<bndbox>
			<xmin>14</xmin>
			<ymin>52</ymin>
			<xmax>500</xmax>
			<ymax>309</ymax>
		</bndbox>
	</object>
</annotation>
