<annotation>
	<folder>train</folder>
	<filename>banana_0015.jpg</filename>
	<path>C:\FRUIT\train\banana_0015.jpg</path>
	<source>
		<database>Unknown</database>
	</source>
	<size>
		<width>500</width>
		<height>404</height>
		<depth>3</depth>
	</size>
	<segmented>0</segmented>
	<object>
		<name>banana</name>
		<pose>Unspecified</pose>
		<truncated>0</truncated>
		<difficult>0</difficult>
		<bndbox>
			<xmin>194</xmin>
			<ymin>11</ymin>
			<xmax>352</xmax>
			<ymax>65</ymax>
		</bndbox>
	</object>
	<object>
		<name>banana</name>
		<pose>Unspecified</pose>
		<truncated>0</truncated>
		<difficult>0</difficult>
		<bndbox>
			<xmin>306</xmin>
			<ymin>18</ymin>
			<xmax>408</xmax>
			<ymax>86</ymax>
		</bndbox>
	</object>
	<object>
		<name>banana</name>
		<pose>Unspecified</pose>
		<truncated>0</truncated>
		<difficult>0</difficult>
		<bndbox>
			<xmin>377</xmin>
			<ymin>61</ymin>
			<xmax>469</xmax>
			<ymax>138</ymax>
		</bndbox>
	</object>
</annotation>
