<annotation>
	<folder>train</folder>
	<filename>banana_0138.jpg</filename>
	<path>C:\FRUIT\train\banana_0138.jpg</path>
	<source>
		<database>Unknown</database>
	</source>
	<size>
		<width>500</width>
		<height>381</height>
		<depth>3</depth>
	</size>
	<segmented>0</segmented>
	<object>
		<name>banana</name>
		<pose>Unspecified</pose>
		<truncated>0</truncated>
		<difficult>0</difficult>
		<bndbox>
			<xmin>133</xmin>
			<ymin>167</ymin>
			<xmax>306</xmax>
			<ymax>317</ymax>
		</bndbox>
	</object>
	<object>
		<name>banana</name>
		<pose>Unspecified</pose>
		<truncated>0</truncated>
		<difficult>0</difficult>
		<bndbox>
			<xmin>165</xmin>
			<ymin>153</ymin>
			<xmax>386</xmax>
			<ymax>254</ymax>
		</bndbox>
	</object>
	<object>
		<name>banana</name>
		<pose>Unspecified</pose>
		<truncated>0</truncated>
		<difficult>0</difficult>
		<bndbox>
			<xmin>222</xmin>
			<ymin>134</ymin>
			<xmax>441</xmax>
			<ymax>231</ymax>
		</bndbox>
	</object>
</annotation>
