<annotation>
	<folder>train</folder>
	<filename>banana_0091.jpg</filename>
	<path>C:\FRUIT\train\banana_0091.jpg</path>
	<source>
		<database>Unknown</database>
	</source>
	<size>
		<width>333</width>
		<height>500</height>
		<depth>3</depth>
	</size>
	<segmented>0</segmented>
	<object>
		<name>banana</name>
		<pose>Unspecified</pose>
		<truncated>1</truncated>
		<difficult>0</difficult>
		<bndbox>
			<xmin>22</xmin>
			<ymin>24</ymin>
			<xmax>259</xmax>
			<ymax>500</ymax>
		</bndbox>
	</object>
	<object>
		<name>banana</name>
		<pose>Unspecified</pose>
		<truncated>0</truncated>
		<difficult>0</difficult>
		<bndbox>
			<xmin>206</xmin>
			<ymin>20</ymin>
			<xmax>332</xmax>
			<ymax>493</ymax>
		</bndbox>
	</object>
</annotation>
