<annotation>
	<folder>train</folder>
	<filename>banana_0117.jpg</filename>
	<path>C:\FRUIT\train\banana_0117.jpg</path>
	<source>
		<database>Unknown</database>
	</source>
	<size>
		<width>375</width>
		<height>500</height>
		<depth>3</depth>
	</size>
	<segmented>0</segmented>
	<object>
		<name>banana</name>
		<pose>Unspecified</pose>
		<truncated>0</truncated>
		<difficult>0</difficult>
		<bndbox>
			<xmin>24</xmin>
			<ymin>204</ymin>
			<xmax>337</xmax>
			<ymax>327</ymax>
		</bndbox>
	</object>
	<object>
		<name>banana</name>
		<pose>Unspecified</pose>
		<truncated>0</truncated>
		<difficult>0</difficult>
		<bndbox>
			<xmin>42</xmin>
			<ymin>316</ymin>
			<xmax>336</xmax>
			<ymax>470</ymax>
		</bndbox>
	</object>
</annotation>
