<annotation>
	<folder>train</folder>
	<filename>banana_0021.jpg</filename>
	<path>C:\FRUIT\train\banana_0021.jpg</path>
	<source>
		<database>Unknown</database>
	</source>
	<size>
		<width>500</width>
		<height>375</height>
		<depth>3</depth>
	</size>
	<segmented>0</segmented>
	<object>
		<name>banana</name>
		<pose>Unspecified</pose>
		<truncated>1</truncated>
		<difficult>0</difficult>
		<bndbox>
			<xmin>63</xmin>
			<ymin>105</ymin>
			<xmax>284</xmax>
			<ymax>375</ymax>
		</bndbox>
	</object>
	<object>
		<name>banana</name>
		<pose>Unspecified</pose>
		<truncated>1</truncated>
		<difficult>0</difficult>
		<bndbox>
			<xmin>248</xmin>
			<ymin>18</ymin>
			<xmax>500</xmax>
			<ymax>365</ymax>
		</bndbox>
	</object>
</annotation>
