<annotation>
	<folder>train</folder>
	<filename>banana_0100.jpg</filename>
	<path>C:\FRUIT\train\banana_0100.jpg</path>
	<source>
		<database>Unknown</database>
	</source>
	<size>
		<width>500</width>
		<height>375</height>
		<depth>3</depth>
	</size>
	<segmented>0</segmented>
	<object>
		<name>banana</name>
		<pose>Unspecified</pose>
		<truncated>1</truncated>
		<difficult>0</difficult>
		<bndbox>
			<xmin>114</xmin>
			<ymin>45</ymin>
			<xmax>257</xmax>
			<ymax>375</ymax>
		</bndbox>
	</object>
	<object>
		<name>banana</name>
		<pose>Unspecified</pose>
		<truncated>1</truncated>
		<difficult>0</difficult>
		<bndbox>
			<xmin>217</xmin>
			<ymin>17</ymin>
			<xmax>483</xmax>
			<ymax>375</ymax>
		</bndbox>
	</object>
</annotation>
