<annotation>
	<folder>train</folder>
	<filename>banana_0013.jpg</filename>
	<path>C:\FRUIT\train\banana_0013.jpg</path>
	<source>
		<database>Unknown</database>
	</source>
	<size>
		<width>375</width>
		<height>500</height>
		<depth>3</depth>
	</size>
	<segmented>0</segmented>
	<object>
		<name>banana</name>
		<pose>Unspecified</pose>
		<truncated>0</truncated>
		<difficult>0</difficult>
		<bndbox>
			<xmin>50</xmin>
			<ymin>121</ymin>
			<xmax>263</xmax>
			<ymax>472</ymax>
		</bndbox>
	</object>
	<object>
		<name>banana</name>
		<pose>Unspecified</pose>
		<truncated>0</truncated>
		<difficult>0</difficult>
		<bndbox>
			<xmin>156</xmin>
			<ymin>104</ymin>
			<xmax>342</xmax>
			<ymax>357</ymax>
		</bndbox>
	</object>
</annotation>
