<annotation>
	<folder>train</folder>
	<filename>banana_0145.jpg</filename>
	<path>C:\FRUIT\train\banana_0145.jpg</path>
	<source>
		<database>Unknown</database>
	</source>
	<size>
		<width>500</width>
		<height>434</height>
		<depth>3</depth>
	</size>
	<segmented>0</segmented>
	<object>
		<name>banana</name>
		<pose>Unspecified</pose>
		<truncated>0</truncated>
		<difficult>0</difficult>
		<bndbox>
			<xmin>13</xmin>
			<ymin>153</ymin>
			<xmax>361</xmax>
			<ymax>432</ymax>
		</bndbox>
	</object>
</annotation>
