<annotation>
	<folder>train</folder>
	<filename>banana_0061.jpg</filename>
	<path>C:\FRUIT\train\banana_0061.jpg</path>
	<source>
		<database>Unknown</database>
	</source>
	<size>
		<width>500</width>
		<height>329</height>
		<depth>3</depth>
	</size>
	<segmented>0</segmented>
	<object>
		<name>banana</name>
		<pose>Unspecified</pose>
		<truncated>0</truncated>
		<difficult>0</difficult>
		<bndbox>
			<xmin>33</xmin>
			<ymin>26</ymin>
			<xmax>134</xmax>
			<ymax>303</ymax>
		</bndbox>
	</object>
	<object>
		<name>banana</name>
		<pose>Unspecified</pose>
		<truncated>0</truncated>
		<difficult>0</difficult>
		<bndbox>
			<xmin>154</xmin>
			<ymin>22</ymin>
			<xmax>256</xmax>
			<ymax>328</ymax>
		</bndbox>
	</object>
	<object>
		<name>banana</name>
		<pose>Unspecified</pose>
		<truncated>1</truncated>
		<difficult>0</difficult>
		<bndbox>
			<xmin>312</xmin>
			<ymin>55</ymin>
			<xmax>499</xmax>
			<ymax>329</ymax>
		</bndbox>
	</object>
</annotation>
