<annotation>
	<folder>train</folder>
	<filename>banana_0099.jpg</filename>
	<path>C:\FRUIT\train\banana_0099.jpg</path>
	<source>
		<database>Unknown</database>
	</source>
	<size>
		<width>500</width>
		<height>375</height>
		<depth>3</depth>
	</size>
	<segmented>0</segmented>
	<object>
		<name>banana</name>
		<pose>Unspecified</pose>
		<truncated>0</truncated>
		<difficult>0</difficult>
		<bndbox>
			<xmin>213</xmin>
			<ymin>67</ymin>
			<xmax>359</xmax>
			<ymax>374</ymax>
		</bndbox>
	</object>
	<object>
		<name>banana</name>
		<pose>Unspecified</pose>
		<truncated>0</truncated>
		<difficult>0</difficult>
		<bndbox>
			<xmin>315</xmin>
			<ymin>62</ymin>
			<xmax>461</xmax>
			<ymax>310</ymax>
		</bndbox>
	</object>
</annotation>
