<annotation>
	<folder>train</folder>
	<filename>banana_0065.jpg</filename>
	<path>C:\FRUIT\train\banana_0065.jpg</path>
	<source>
		<database>Unknown</database>
	</source>
	<size>
		<width>333</width>
		<height>500</height>
		<depth>3</depth>
	</size>
	<segmented>0</segmented>
	<object>
		<name>banana</name>
		<pose>Unspecified</pose>
		<truncated>1</truncated>
		<difficult>0</difficult>
		<bndbox>
			<xmin>67</xmin>
			<ymin>18</ymin>
			<xmax>260</xmax>
			<ymax>500</ymax>
		</bndbox>
	</object>
</annotation>
