<annotation>
	<folder>train</folder>
	<filename>banana_0064.jpg</filename>
	<path>C:\FRUIT\train\banana_0064.jpg</path>
	<source>
		<database>Unknown</database>
	</source>
	<size>
		<width>500</width>
		<height>333</height>
		<depth>3</depth>
	</size>
	<segmented>0</segmented>
	<object>
		<name>banana</name>
		<pose>Unspecified</pose>
		<truncated>1</truncated>
		<difficult>0</difficult>
		<bndbox>
			<xmin>21</xmin>
			<ymin>19</ymin>
			<xmax>189</xmax>
			<ymax>333</ymax>
		</bndbox>
	</object>
	<object>
		<name>banana</name>
		<pose>Unspecified</pose>
		<truncated>0</truncated>
		<difficult>0</difficult>
		<bndbox>
			<xmin>199</xmin>
			<ymin>24</ymin>
			<xmax>493</xmax>
			<ymax>294</ymax>
		</bndbox>
	</object>
</annotation>
