<annotation>
	<folder>train</folder>
	<filename>banana_0006.jpg</filename>
	<path>C:\FRUIT\train\banana_0006.jpg</path>
	<source>
		<database>Unknown</database>
	</source>
	<size>
		<width>500</width>
		<height>375</height>
		<depth>3</depth>
	</size>
	<segmented>0</segmented>
	<object>
		<name>banana</name>
		<pose>Unspecified</pose>
		<truncated>0</truncated>
		<difficult>0</difficult>
		<bndbox>
			<xmin>129</xmin>
			<ymin>42</ymin>
			<xmax>260</xmax>
			<ymax>192</ymax>
		</bndbox>
	</object>
	<object>
		<name>banana</name>
		<pose>Unspecified</pose>
		<truncated>0</truncated>
		<difficult>0</difficult>
		<bndbox>
			<xmin>53</xmin>
			<ymin>123</ymin>
			<xmax>240</xmax>
			<ymax>217</ymax>
		</bndbox>
	</object>
</annotation>
