<annotation>
	<folder>train</folder>
	<filename>banana_0034.jpg</filename>
	<path>C:\FRUIT\train\banana_0034.jpg</path>
	<source>
		<database>Unknown</database>
	</source>
	<size>
		<width>500</width>
		<height>354</height>
		<depth>3</depth>
	</size>
	<segmented>0</segmented>
	<object>
		<name>banana</name>
		<pose>Unspecified</pose>
		<truncated>0</truncated>
		<difficult>0</difficult>
		<bndbox>
			<xmin>76</xmin>
			<ymin>5</ymin>
			<xmax>483</xmax>
			<ymax>335</ymax>
		</bndbox>
	</object>
	<object>
		<name>banana</name>
		<pose>Unspecified</pose>
		<truncated>1</truncated>
		<difficult>0</difficult>
		<bndbox>
			<xmin>30</xmin>
			<ymin>85</ymin>
			<xmax>256</xmax>
			<ymax>354</ymax>
		</bndbox>
	</object>
</annotation>
