<annotation>
	<folder>train</folder>
	<filename>banana_0020.jpg</filename>
	<path>C:\FRUIT\train\banana_0020.jpg</path>
	<source>
		<database>Unknown</database>
	</source>
	<size>
		<width>500</width>
		<height>375</height>
		<depth>3</depth>
	</size>
	<segmented>0</segmented>
	<object>
		<name>banana</name>
		<pose>Unspecified</pose>
		<truncated>0</truncated>
		<difficult>0</difficult>
		<bndbox>
			<xmin>206</xmin>
			<ymin>34</ymin>
			<xmax>301</xmax>
			<ymax>156</ymax>
		</bndbox>
	</object>
	<object>
		<name>banana</name>
		<pose>Unspecified</pose>
		<truncated>0</truncated>
		<difficult>0</difficult>
		<bndbox>
			<xmin>299</xmin>
			<ymin>62</ymin>
			<xmax>439</xmax>
			<ymax>202</ymax>
		</bndbox>
	</object>
</annotation>
