<annotation>
	<folder>train</folder>
	<filename>banana_0105.jpg</filename>
	<path>C:\FRUIT\train\banana_0105.jpg</path>
	<source>
		<database>Unknown</database>
	</source>
	<size>
		<width>500</width>
		<height>375</height>
		<depth>3</depth>
	</size>
	<segmented>0</segmented>
	<object>
		<name>banana</name>
		<pose>Unspecified</pose>
		<truncated>1</truncated>
		<difficult>0</difficult>
		<bndbox>
			<xmin>62</xmin>
			<ymin>35</ymin>
			<xmax>284</xmax>
			<ymax>375</ymax>
		</bndbox>
	</object>
	<object>
		<name>apple</name>
		<pose>Unspecified</pose>
		<truncated>1</truncated>
		<difficult>0</difficult>
		<bndbox>
			<xmin>277</xmin>
			<ymin>16</ymin>
			<xmax>500</xmax>
			<ymax>325</ymax>
		</bndbox>
	</object>
	<object>
		<name>apple</name>
		<pose>Unspecified</pose>
		<truncated>1</truncated>
		<difficult>0</difficult>
		<bndbox>
			<xmin>182</xmin>
			<ymin>285</ymin>
			<xmax>451</xmax>
			<ymax>375</ymax>
		</bndbox>
	</object>
</annotation>
