<annotation>
	<folder>train</folder>
	<filename>banana_0112.jpg</filename>
	<path>C:\FRUIT\train\banana_0112.jpg</path>
	<source>
		<database>Unknown</database>
	</source>
	<size>
		<width>500</width>
		<height>370</height>
		<depth>3</depth>
	</size>
	<segmented>0</segmented>
	<object>
		<name>banana</name>
		<pose>Unspecified</pose>
		<truncated>0</truncated>
		<difficult>0</difficult>
		<bndbox>
			<xmin>91</xmin>
			<ymin>107</ymin>
			<xmax>390</xmax>
			<ymax>223</ymax>
		</bndbox>
	</object>
	<object>
		<name>banana</name>
		<pose>Unspecified</pose>
		<truncated>0</truncated>
		<difficult>0</difficult>
		<bndbox>
			<xmin>12</xmin>
			<ymin>168</ymin>
			<xmax>361</xmax>
			<ymax>290</ymax>
		</bndbox>
	</object>
</annotation>
