<annotation>
	<folder>train</folder>
	<filename>banana_0110.jpg</filename>
	<path>C:\FRUIT\train\banana_0110.jpg</path>
	<source>
		<database>Unknown</database>
	</source>
	<size>
		<width>500</width>
		<height>333</height>
		<depth>3</depth>
	</size>
	<segmented>0</segmented>
	<object>
		<name>banana</name>
		<pose>Unspecified</pose>
		<truncated>0</truncated>
		<difficult>0</difficult>
		<bndbox>
			<xmin>34</xmin>
			<ymin>113</ymin>
			<xmax>211</xmax>
			<ymax>260</ymax>
		</bndbox>
	</object>
	<object>
		<name>banana</name>
		<pose>Unspecified</pose>
		<truncated>0</truncated>
		<difficult>0</difficult>
		<bndbox>
			<xmin>178</xmin>
			<ymin>84</ymin>
			<xmax>384</xmax>
			<ymax>292</ymax>
		</bndbox>
	</object>
	<object>
		<name>banana</name>
		<pose>Unspecified</pose>
		<truncated>0</truncated>
		<difficult>0</difficult>
		<bndbox>
			<xmin>230</xmin>
			<ymin>42</ymin>
			<xmax>484</xmax>
			<ymax>274</ymax>
		</bndbox>
	</object>
</annotation>
