<annotation>
	<folder>train</folder>
	<filename>banana_0022.jpg</filename>
	<path>C:\FRUIT\train\banana_0022.jpg</path>
	<source>
		<database>Unknown</database>
	</source>
	<size>
		<width>333</width>
		<height>500</height>
		<depth>3</depth>
	</size>
	<segmented>0</segmented>
	<object>
		<name>banana</name>
		<pose>Unspecified</pose>
		<truncated>0</truncated>
		<difficult>0</difficult>
		<bndbox>
			<xmin>66</xmin>
			<ymin>13</ymin>
			<xmax>224</xmax>
			<ymax>401</ymax>
		</bndbox>
	</object>
</annotation>
