<annotation>
	<folder>train</folder>
	<filename>banana_0073.jpg</filename>
	<path>C:\FRUIT\train\banana_0073.jpg</path>
	<source>
		<database>Unknown</database>
	</source>
	<size>
		<width>500</width>
		<height>400</height>
		<depth>3</depth>
	</size>
	<segmented>0</segmented>
	<object>
		<name>banana</name>
		<pose>Unspecified</pose>
		<truncated>0</truncated>
		<difficult>0</difficult>
		<bndbox>
			<xmin>249</xmin>
			<ymin>131</ymin>
			<xmax>419</xmax>
			<ymax>399</ymax>
		</bndbox>
	</object>
	<object>
		<name>banana</name>
		<pose>Unspecified</pose>
		<truncated>1</truncated>
		<difficult>0</difficult>
		<bndbox>
			<xmin>333</xmin>
			<ymin>92</ymin>
			<xmax>500</xmax>
			<ymax>371</ymax>
		</bndbox>
	</object>
</annotation>
