<annotation>
	<folder>train</folder>
	<filename>banana_0095.jpg</filename>
	<path>C:\FRUIT\train\banana_0095.jpg</path>
	<source>
		<database>Unknown</database>
	</source>
	<size>
		<width>500</width>
		<height>375</height>
		<depth>3</depth>
	</size>
	<segmented>0</segmented>
	<object>
		<name>banana</name>
		<pose>Unspecified</pose>
		<truncated>0</truncated>
		<difficult>0</difficult>
		<bndbox>
			<xmin>89</xmin>
			<ymin>106</ymin>
			<xmax>326</xmax>
			<ymax>193</ymax>
		</bndbox>
	</object>
	<object>
		<name>banana</name>
		<pose>Unspecified</pose>
		<truncated>0</truncated>
		<difficult>0</difficult>
		<bndbox>
			<xmin>76</xmin>
			<ymin>166</ymin>
			<xmax>122</xmax>
			<ymax>190</ymax>
		</bndbox>
	</object>
</annotation>
