<annotation>
	<folder>train</folder>
	<filename>banana_0107.jpg</filename>
	<path>C:\FRUIT\train\banana_0107.jpg</path>
	<source>
		<database>Unknown</database>
	</source>
	<size>
		<width>500</width>
		<height>375</height>
		<depth>3</depth>
	</size>
	<segmented>0</segmented>
	<object>
		<name>banana</name>
		<pose>Unspecified</pose>
		<truncated>1</truncated>
		<difficult>0</difficult>
		<bndbox>
			<xmin>53</xmin>
			<ymin>88</ymin>
			<xmax>226</xmax>
			<ymax>375</ymax>
		</bndbox>
	</object>
	<object>
		<name>banana</name>
		<pose>Unspecified</pose>
		<truncated>1</truncated>
		<difficult>0</difficult>
		<bndbox>
			<xmin>241</xmin>
			<ymin>90</ymin>
			<xmax>385</xmax>
			<ymax>375</ymax>
		</bndbox>
	</object>
</annotation>
