<annotation>
	<folder>train</folder>
	<filename>banana_0047.jpg</filename>
	<path>C:\FRUIT\train\banana_0047.jpg</path>
	<source>
		<database>Unknown</database>
	</source>
	<size>
		<width>500</width>
		<height>375</height>
		<depth>3</depth>
	</size>
	<segmented>0</segmented>
	<object>
		<name>banana</name>
		<pose>Unspecified</pose>
		<truncated>0</truncated>
		<difficult>0</difficult>
		<bndbox>
			<xmin>86</xmin>
			<ymin>211</ymin>
			<xmax>173</xmax>
			<ymax>273</ymax>
		</bndbox>
	</object>
	<object>
		<name>banana</name>
		<pose>Unspecified</pose>
		<truncated>0</truncated>
		<difficult>0</difficult>
		<bndbox>
			<xmin>270</xmin>
			<ymin>79</ymin>
			<xmax>308</xmax>
			<ymax>167</ymax>
		</bndbox>
	</object>
</annotation>
