<annotation>
	<folder>train</folder>
	<filename>banana_0017.jpg</filename>
	<path>C:\FRUIT\train\banana_0017.jpg</path>
	<source>
		<database>Unknown</database>
	</source>
	<size>
		<width>375</width>
		<height>500</height>
		<depth>3</depth>
	</size>
	<segmented>0</segmented>
	<object>
		<name>banana</name>
		<pose>Unspecified</pose>
		<truncated>0</truncated>
		<difficult>0</difficult>
		<bndbox>
			<xmin>187</xmin>
			<ymin>302</ymin>
			<xmax>262</xmax>
			<ymax>413</ymax>
		</bndbox>
	</object>
	<object>
		<name>banana</name>
		<pose>Unspecified</pose>
		<truncated>0</truncated>
		<difficult>0</difficult>
		<bndbox>
			<xmin>187</xmin>
			<ymin>404</ymin>
			<xmax>264</xmax>
			<ymax>490</ymax>
		</bndbox>
	</object>
	<object>
		<name>banana</name>
		<pose>Unspecified</pose>
		<truncated>0</truncated>
		<difficult>0</difficult>
		<bndbox>
			<xmin>82</xmin>
			<ymin>224</ymin>
			<xmax>199</xmax>
			<ymax>360</ymax>
		</bndbox>
	</object>
</annotation>
