<annotation>
	<folder>train</folder>
	<filename>banana_0038.jpg</filename>
	<path>C:\FRUIT\train\banana_0038.jpg</path>
	<source>
		<database>Unknown</database>
	</source>
	<size>
		<width>500</width>
		<height>375</height>
		<depth>3</depth>
	</size>
	<segmented>0</segmented>
	<object>
		<name>banana</name>
		<pose>Unspecified</pose>
		<truncated>0</truncated>
		<difficult>0</difficult>
		<bndbox>
			<xmin>183</xmin>
			<ymin>44</ymin>
			<xmax>207</xmax>
			<ymax>72</ymax>
		</bndbox>
	</object>
	<object>
		<name>banana</name>
		<pose>Unspecified</pose>
		<truncated>0</truncated>
		<difficult>0</difficult>
		<bndbox>
			<xmin>197</xmin>
			<ymin>62</ymin>
			<xmax>228</xmax>
			<ymax>98</ymax>
		</bndbox>
	</object>
</annotation>
