<annotation>
	<folder>train</folder>
	<filename>banana_0008.jpg</filename>
	<path>C:\FRUIT\train\banana_0008.jpg</path>
	<source>
		<database>Unknown</database>
	</source>
	<size>
		<width>500</width>
		<height>333</height>
		<depth>3</depth>
	</size>
	<segmented>0</segmented>
	<object>
		<name>banana</name>
		<pose>Unspecified</pose>
		<truncated>0</truncated>
		<difficult>0</difficult>
		<bndbox>
			<xmin>6</xmin>
			<ymin>9</ymin>
			<xmax>231</xmax>
			<ymax>326</ymax>
		</bndbox>
	</object>
	<object>
		<name>orange</name>
		<pose>Unspecified</pose>
		<truncated>0</truncated>
		<difficult>0</difficult>
		<bndbox>
			<xmin>275</xmin>
			<ymin>14</ymin>
			<xmax>498</xmax>
			<ymax>331</ymax>
		</bndbox>
	</object>
</annotation>
