<annotation>
	<folder>train</folder>
	<filename>banana_0156.jpg</filename>
	<path>C:\FRUIT\train\banana_0156.jpg</path>
	<source>
		<database>Unknown</database>
	</source>
	<size>
		<width>500</width>
		<height>334</height>
		<depth>3</depth>
	</size>
	<segmented>0</segmented>
	<object>
		<name>banana</name>
		<pose>Unspecified</pose>
		<truncated>0</truncated>
		<difficult>0</difficult>
		<bndbox>
			<xmin>193</xmin>
			<ymin>23</ymin>
			<xmax>326</xmax>
			<ymax>322</ymax>
		</bndbox>
	</object>
	<object>
		<name>orange</name>
		<pose>Unspecified</pose>
		<truncated>0</truncated>
		<difficult>0</difficult>
		<bndbox>
			<xmin>48</xmin>
			<ymin>111</ymin>
			<xmax>194</xmax>
			<ymax>253</ymax>
		</bndbox>
	</object>
</annotation>
