<annotation>
	<folder>train</folder>
	<filename>banana_0033.jpg</filename>
	<path>C:\FRUIT\train\banana_0033.jpg</path>
	<source>
		<database>Unknown</database>
	</source>
	<size>
		<width>500</width>
		<height>375</height>
		<depth>3</depth>
	</size>
	<segmented>0</segmented>
	<object>
		<name>banana</name>
		<pose>Unspecified</pose>
		<truncated>0</truncated>
		<difficult>0</difficult>
		<bndbox>
			<xmin>14</xmin>
			<ymin>31</ymin>
			<xmax>218</xmax>
			<ymax>227</ymax>
		</bndbox>
	</object>
	<object>
		<name>banana</name>
		<pose>Unspecified</pose>
		<truncated>0</truncated>
		<difficult>0</difficult>
		<bndbox>
			<xmin>17</xmin>
			<ymin>152</ymin>
			<xmax>185</xmax>
			<ymax>260</ymax>
		</bndbox>
	</object>
	<object>
		<name>banana</name>
		<pose>Unspecified</pose>
		<truncated>0</truncated>
		<difficult>0</difficult>
		<bndbox>
			<xmin>10</xmin>
			<ymin>241</ymin>
			<xmax>191</xmax>
			<ymax>333</ymax>
		</bndbox>
	</object>
</annotation>
