<annotation>
	<folder>train</folder>
	<filename>banana_0049.jpg</filename>
	<path>C:\FRUIT\train\banana_0049.jpg</path>
	<source>
		<database>Unknown</database>
	</source>
	<size>
		<width>500</width>
		<height>375</height>
		<depth>3</depth>
	</size>
	<segmented>0</segmented>
	<object>
		<name>banana</name>
		<pose>Unspecified</pose>
		<truncated>0</truncated>
		<difficult>0</difficult>
		<bndbox>
			<xmin>264</xmin>
			<ymin>65</ymin>
			<xmax>354</xmax>
			<ymax>175</ymax>
		</bndbox>
	</object>
	<object>
		<name>banana</name>
		<pose>Unspecified</pose>
		<truncated>0</truncated>
		<difficult>0</difficult>
		<bndbox>
			<xmin>208</xmin>
			<ymin>106</ymin>
			<xmax>304</xmax>
			<ymax>205</ymax>
		</bndbox>
	</object>
</annotation>
