<annotation>
	<folder>train</folder>
	<filename>banana_0054.jpg</filename>
	<path>C:\FRUIT\train\banana_0054.jpg</path>
	<source>
		<database>Unknown</database>
	</source>
	<size>
		<width>500</width>
		<height>399</height>
		<depth>3</depth>
	</size>
	<segmented>0</segmented>
	<object>
		<name>banana</name>
		<pose>Unspecified</pose>
		<truncated>0</truncated>
		<difficult>0</difficult>
		<bndbox>
			<xmin>197</xmin>
			<ymin>25</ymin>
			<xmax>401</xmax>
			<ymax>250</ymax>
		</bndbox>
	</object>
	<object>
		<name>banana</name>
		<pose>Unspecified</pose>
		<truncated>0</truncated>
		<difficult>0</difficult>
		<bndbox>
			<xmin>98</xmin>
			<ymin>228</ymin>
			<xmax>499</xmax>
			<ymax>380</ymax>
		</bndbox>
	</object>
</annotation>
