<annotation>
	<folder>train</folder>
	<filename>banana_0142.jpg</filename>
	<path>C:\FRUIT\train\banana_0142.jpg</path>
	<source>
		<database>Unknown</database>
	</source>
	<size>
		<width>500</width>
		<height>375</height>
		<depth>3</depth>
	</size>
	<segmented>0</segmented>
	<object>
		<name>banana</name>
		<pose>Unspecified</pose>
		<truncated>0</truncated>
		<difficult>0</difficult>
		<bndbox>
			<xmin>43</xmin>
			<ymin>66</ymin>
			<xmax>178</xmax>
			<ymax>356</ymax>
		</bndbox>
	</object>
	<object>
		<name>banana</name>
		<pose>Unspecified</pose>
		<truncated>0</truncated>
		<difficult>0</difficult>
		<bndbox>
			<xmin>151</xmin>
			<ymin>37</ymin>
			<xmax>318</xmax>
			<ymax>325</ymax>
		</bndbox>
	</object>
	<object>
		<name>banana</name>
		<pose>Unspecified</pose>
		<truncated>0</truncated>
		<difficult>0</difficult>
		<bndbox>
			<xmin>309</xmin>
			<ymin>81</ymin>
			<xmax>488</xmax>
			<ymax>332</ymax>
		</bndbox>
	</object>
</annotation>
