<annotation>
	<folder>train</folder>
	<filename>banana_0125.jpg</filename>
	<path>C:\FRUIT\train\banana_0125.jpg</path>
	<source>
		<database>Unknown</database>
	</source>
	<size>
		<width>500</width>
		<height>333</height>
		<depth>3</depth>
	</size>
	<segmented>0</segmented>
	<object>
		<name>banana</name>
		<pose>Unspecified</pose>
		<truncated>0</truncated>
		<difficult>0</difficult>
		<bndbox>
			<xmin>29</xmin>
			<ymin>100</ymin>
			<xmax>429</xmax>
			<ymax>225</ymax>
		</bndbox>
	</object>
	<object>
		<name>banana</name>
		<pose>Unspecified</pose>
		<truncated>0</truncated>
		<difficult>0</difficult>
		<bndbox>
			<xmin>103</xmin>
			<ymin>175</ymin>
			<xmax>499</xmax>
			<ymax>326</ymax>
		</bndbox>
	</object>
	<object>
		<name>banana</name>
		<pose>Unspecified</pose>
		<truncated>0</truncated>
		<difficult>0</difficult>
		<bndbox>
			<xmin>30</xmin>
			<ymin>57</ymin>
			<xmax>361</xmax>
			<ymax>157</ymax>
		</bndbox>
	</object>
</annotation>
