<annotation>
	<folder>train</folder>
	<filename>banana_0014.jpg</filename>
	<path>C:\FRUIT\train\banana_0014.jpg</path>
	<source>
		<database>Unknown</database>
	</source>
	<size>
		<width>375</width>
		<height>500</height>
		<depth>3</depth>
	</size>
	<segmented>0</segmented>
	<object>
		<name>banana</name>
		<pose>Unspecified</pose>
		<truncated>0</truncated>
		<difficult>0</difficult>
		<bndbox>
			<xmin>14</xmin>
			<ymin>122</ymin>
			<xmax>256</xmax>
			<ymax>410</ymax>
		</bndbox>
	</object>
	<object>
		<name>banana</name>
		<pose>Unspecified</pose>
		<truncated>0</truncated>
		<difficult>0</difficult>
		<bndbox>
			<xmin>258</xmin>
			<ymin>138</ymin>
			<xmax>370</xmax>
			<ymax>375</ymax>
		</bndbox>
	</object>
</annotation>
