<annotation>
	<folder>train</folder>
	<filename>banana_0035.jpg</filename>
	<path>C:\FRUIT\train\banana_0035.jpg</path>
	<source>
		<database>Unknown</database>
	</source>
	<size>
		<width>500</width>
		<height>333</height>
		<depth>3</depth>
	</size>
	<segmented>0</segmented>
	<object>
		<name>banana</name>
		<pose>Unspecified</pose>
		<truncated>0</truncated>
		<difficult>0</difficult>
		<bndbox>
			<xmin>188</xmin>
			<ymin>230</ymin>
			<xmax>229</xmax>
			<ymax>256</ymax>
		</bndbox>
	</object>
</annotation>
