<annotation>
	<folder>train</folder>
	<filename>banana_0011.jpg</filename>
	<path>C:\FRUIT\train\banana_0011.jpg</path>
	<source>
		<database>Unknown</database>
	</source>
	<size>
		<width>500</width>
		<height>375</height>
		<depth>3</depth>
	</size>
	<segmented>0</segmented>
	<object>
		<name>banana</name>
		<pose>Unspecified</pose>
		<truncated>0</truncated>
		<difficult>0</difficult>
		<bndbox>
			<xmin>28</xmin>
			<ymin>122</ymin>
			<xmax>276</xmax>
			<ymax>243</ymax>
		</bndbox>
	</object>
	<object>
		<name>banana</name>
		<pose>Unspecified</pose>
		<truncated>0</truncated>
		<difficult>0</difficult>
		<bndbox>
			<xmin>33</xmin>
			<ymin>163</ymin>
			<xmax>312</xmax>
			<ymax>288</ymax>
		</bndbox>
	</object>
	<object>
		<name>banana</name>
		<pose>Unspecified</pose>
		<truncated>0</truncated>
		<difficult>0</difficult>
		<bndbox>
			<xmin>44</xmin>
			<ymin>237</ymin>
			<xmax>336</xmax>
			<ymax>326</ymax>
		</bndbox>
	</object>
</annotation>
