<annotation>
	<folder>train</folder>
	<filename>banana_0004.jpg</filename>
	<path>C:\FRUIT\train\banana_0004.jpg</path>
	<source>
		<database>Unknown</database>
	</source>
	<size>
		<width>500</width>
		<height>375</height>
		<depth>3</depth>
	</size>
	<segmented>0</segmented>
	<object>
		<name>banana</name>
		<pose>Unspecified</pose>
		<truncated>0</truncated>
		<difficult>0</difficult>
		<bndbox>
			<xmin>248</xmin>
			<ymin>94</ymin>
			<xmax>316</xmax>
			<ymax>218</ymax>
		</bndbox>
	</object>
	<object>
		<name>banana</name>
		<pose>Unspecified</pose>
		<truncated>0</truncated>
		<difficult>0</difficult>
		<bndbox>
			<xmin>326</xmin>
			<ymin>115</ymin>
			<xmax>370</xmax>
			<ymax>225</ymax>
		</bndbox>
	</object>
	<object>
		<name>banana</name>
		<pose>Unspecified</pose>
		<truncated>0</truncated>
		<difficult>0</difficult>
		<bndbox>
			<xmin>198</xmin>
			<ymin>179</ymin>
			<xmax>295</xmax>
			<ymax>258</ymax>
		</bndbox>
	</object>
</annotation>
