<annotation>
	<folder>train</folder>
	<filename>banana_0092.jpg</filename>
	<path>C:\FRUIT\train\banana_0092.jpg</path>
	<source>
		<database>Unknown</database>
	</source>
	<size>
		<width>500</width>
		<height>333</height>
		<depth>3</depth>
	</size>
	<segmented>0</segmented>
	<object>
		<name>banana</name>
		<pose>Unspecified</pose>
		<truncated>0</truncated>
		<difficult>0</difficult>
		<bndbox>
			<xmin>17</xmin>
			<ymin>71</ymin>
			<xmax>317</xmax>
			<ymax>310</ymax>
		</bndbox>
	</object>
	<object>
		<name>banana</name>
		<pose>Unspecified</pose>
		<truncated>0</truncated>
		<difficult>0</difficult>
		<bndbox>
			<xmin>118</xmin>
			<ymin>91</ymin>
			<xmax>470</xmax>
			<ymax>315</ymax>
		</bndbox>
	</object>
	<object>
		<name>banana</name>
		<pose>Unspecified</pose>
		<truncated>0</truncated>
		<difficult>0</difficult>
		<bndbox>
			<xmin>309</xmin>
			<ymin>143</ymin>
			<xmax>487</xmax>
			<ymax>247</ymax>
		</bndbox>
	</object>
</annotation>
