<annotation>
	<folder>train</folder>
	<filename>banana_0113.jpg</filename>
	<path>C:\FRUIT\train\banana_0113.jpg</path>
	<source>
		<database>Unknown</database>
	</source>
	<size>
		<width>500</width>
		<height>375</height>
		<depth>3</depth>
	</size>
	<segmented>0</segmented>
	<object>
		<name>banana</name>
		<pose>Unspecified</pose>
		<truncated>0</truncated>
		<difficult>0</difficult>
		<bndbox>
			<xmin>29</xmin>
			<ymin>22</ymin>
			<xmax>250</xmax>
			<ymax>339</ymax>
		</bndbox>
	</object>
	<object>
		<name>banana</name>
		<pose>Unspecified</pose>
		<truncated>0</truncated>
		<difficult>0</difficult>
		<bndbox>
			<xmin>230</xmin>
			<ymin>13</ymin>
			<xmax>469</xmax>
			<ymax>342</ymax>
		</bndbox>
	</object>
</annotation>
