<annotation>
	<folder>train</folder>
	<filename>banana_0024.jpg</filename>
	<path>C:\FRUIT\train\banana_0024.jpg</path>
	<source>
		<database>Unknown</database>
	</source>
	<size>
		<width>500</width>
		<height>375</height>
		<depth>3</depth>
	</size>
	<segmented>0</segmented>
	<object>
		<name>banana</name>
		<pose>Unspecified</pose>
		<truncated>1</truncated>
		<difficult>0</difficult>
		<bndbox>
			<xmin>78</xmin>
			<ymin>65</ymin>
			<xmax>219</xmax>
			<ymax>375</ymax>
		</bndbox>
	</object>
	<object>
		<name>banana</name>
		<pose>Unspecified</pose>
		<truncated>1</truncated>
		<difficult>0</difficult>
		<bndbox>
			<xmin>197</xmin>
			<ymin>55</ymin>
			<xmax>370</xmax>
			<ymax>375</ymax>
		</bndbox>
	</object>
	<object>
		<name>banana</name>
		<pose>Unspecified</pose>
		<truncated>1</truncated>
		<difficult>0</difficult>
		<bndbox>
			<xmin>303</xmin>
			<ymin>70</ymin>
			<xmax>482</xmax>
			<ymax>375</ymax>
		</bndbox>
	</object>
</annotation>
