<annotation>
	<folder>train</folder>
	<filename>banana_0007.jpg</filename>
	<path>C:\FRUIT\train\banana_0007.jpg</path>
	<source>
		<database>Unknown</database>
	</source>
	<size>
		<width>500</width>
		<height>375</height>
		<depth>3</depth>
	</size>
	<segmented>0</segmented>
	<object>
		<name>banana</name>
		<pose>Unspecified</pose>
		<truncated>0</truncated>
		<difficult>0</difficult>
		<bndbox>
			<xmin>38</xmin>
			<ymin>47</ymin>
			<xmax>190</xmax>
			<ymax>110</ymax>
		</bndbox>
	</object>
	<object>
		<name>banana</name>
		<pose>Unspecified</pose>
		<truncated>1</truncated>
		<difficult>0</difficult>
		<bndbox>
			<xmin>414</xmin>
			<ymin>10</ymin>
			<xmax>500</xmax>
			<ymax>109</ymax>
		</bndbox>
	</object>
</annotation>
