<annotation>
	<folder>train</folder>
	<filename>apple_0017.jpg</filename>
	<path>C:\FRUIT\train\apple_0017.jpg</path>
	<source>
		<database>Unknown</database>
	</source>
	<size>
		<width>375</width>
		<height>500</height>
		<depth>3</depth>
	</size>
	<segmented>0</segmented>
	<object>
		<name>apple</name>
		<pose>Unspecified</pose>
		<truncated>0</truncated>
		<difficult>0</difficult>
		<bndbox>
			<xmin>15</xmin>
			<ymin>96</ymin>
			<xmax>311</xmax>
			<ymax>364</ymax>
		</bndbox>
	</object>
</annotation>
