<annotation>
	<folder>train</folder>
	<filename>apple_0124.jpg</filename>
	<path>C:\FRUIT\train\apple_0124.jpg</path>
	<source>
		<database>Unknown</database>
	</source>
	<size>
		<width>500</width>
		<height>342</height>
		<depth>3</depth>
	</size>
	<segmented>0</segmented>
	<object>
		<name>apple</name>
		<pose>Unspecified</pose>
		<truncated>0</truncated>
		<difficult>0</difficult>
		<bndbox>
			<xmin>14</xmin>
			<ymin>87</ymin>
			<xmax>227</xmax>
			<ymax>300</ymax>
		</bndbox>
	</object>
	<object>
		<name>apple</name>
		<pose>Unspecified</pose>
		<truncated>0</truncated>
		<difficult>0</difficult>
		<bndbox>
			<xmin>216</xmin>
			<ymin>67</ymin>
			<xmax>428</xmax>
			<ymax>276</ymax>
		</bndbox>
	</object>
</annotation>
