<annotation>
	<folder>train</folder>
	<filename>apple_0142.jpg</filename>
	<path>C:\FRUIT\train\apple_0142.jpg</path>
	<source>
		<database>Unknown</database>
	</source>
	<size>
		<width>336</width>
		<height>500</height>
		<depth>3</depth>
	</size>
	<segmented>0</segmented>
	<object>
		<name>apple</name>
		<pose>Unspecified</pose>
		<truncated>0</truncated>
		<difficult>0</difficult>
		<bndbox>
			<xmin>97</xmin>
			<ymin>291</ymin>
			<xmax>244</xmax>
			<ymax>438</ymax>
		</bndbox>
	</object>
	<object>
		<name>apple</name>
		<pose>Unspecified</pose>
		<truncated>0</truncated>
		<difficult>0</difficult>
		<bndbox>
			<xmin>224</xmin>
			<ymin>110</ymin>
			<xmax>284</xmax>
			<ymax>154</ymax>
		</bndbox>
	</object>
	<object>
		<name>apple</name>
		<pose>Unspecified</pose>
		<truncated>0</truncated>
		<difficult>0</difficult>
		<bndbox>
			<xmin>48</xmin>
			<ymin>105</ymin>
			<xmax>114</xmax>
			<ymax>151</ymax>
		</bndbox>
	</object>
</annotation>
