<annotation>
	<folder>train</folder>
	<filename>apple_0114.jpg</filename>
	<path>C:\FRUIT\train\apple_0114.jpg</path>
	<source>
		<database>Unknown</database>
	</source>
	<size>
		<width>375</width>
		<height>500</height>
		<depth>3</depth>
	</size>
	<segmented>0</segmented>
	<object>
		<name>apple</name>
		<pose>Unspecified</pose>
		<truncated>0</truncated>
		<difficult>0</difficult>
		<bndbox>
			<xmin>54</xmin>
			<ymin>107</ymin>
			<xmax>348</xmax>
			<ymax>393</ymax>
		</bndbox>
	</object>
</annotation>
