<annotation>
	<folder>train</folder>
	<filename>apple_0143.jpg</filename>
	<path>C:\FRUIT\train\apple_0143.jpg</path>
	<source>
		<database>Unknown</database>
	</source>
	<size>
		<width>500</width>
		<height>375</height>
		<depth>3</depth>
	</size>
	<segmented>0</segmented>
	<object>
		<name>apple</name>
		<pose>Unspecified</pose>
		<truncated>0</truncated>
		<difficult>0</difficult>
		<bndbox>
			<xmin>6</xmin>
			<ymin>15</ymin>
			<xmax>174</xmax>
			<ymax>210</ymax>
		</bndbox>
	</object>
	<object>
		<name>apple</name>
		<pose>Unspecified</pose>
		<truncated>0</truncated>
		<difficult>0</difficult>
		<bndbox>
			<xmin>144</xmin>
			<ymin>178</ymin>
			<xmax>362</xmax>
			<ymax>367</ymax>
		</bndbox>
	</object>
	<object>
		<name>apple</name>
		<pose>Unspecified</pose>
		<truncated>0</truncated>
		<difficult>0</difficult>
		<bndbox>
			<xmin>282</xmin>
			<ymin>5</ymin>
			<xmax>483</xmax>
			<ymax>180</ymax>
		</bndbox>
	</object>
</annotation>
