<annotation>
	<folder>train</folder>
	<filename>apple_0040.jpg</filename>
	<path>C:\FRUIT\train\apple_0040.jpg</path>
	<source>
		<database>Unknown</database>
	</source>
	<size>
		<width>375</width>
		<height>500</height>
		<depth>3</depth>
	</size>
	<segmented>0</segmented>
	<object>
		<name>apple</name>
		<pose>Unspecified</pose>
		<truncated>0</truncated>
		<difficult>0</difficult>
		<bndbox>
			<xmin>41</xmin>
			<ymin>11</ymin>
			<xmax>284</xmax>
			<ymax>253</ymax>
		</bndbox>
	</object>
	<object>
		<name>apple</name>
		<pose>Unspecified</pose>
		<truncated>1</truncated>
		<difficult>0</difficult>
		<bndbox>
			<xmin>167</xmin>
			<ymin>369</ymin>
			<xmax>370</xmax>
			<ymax>500</ymax>
		</bndbox>
	</object>
</annotation>
