<annotation>
	<folder>train</folder>
	<filename>apple_0119.jpg</filename>
	<path>C:\FRUIT\train\apple_0119.jpg</path>
	<source>
		<database>Unknown</database>
	</source>
	<size>
		<width>500</width>
		<height>362</height>
		<depth>3</depth>
	</size>
	<segmented>0</segmented>
	<object>
		<name>orange</name>
		<pose>Unspecified</pose>
		<truncated>0</truncated>
		<difficult>0</difficult>
		<bndbox>
			<xmin>26</xmin>
			<ymin>37</ymin>
			<xmax>261</xmax>
			<ymax>304</ymax>
		</bndbox>
	</object>
	<object>
		<name>apple</name>
		<pose>Unspecified</pose>
		<truncated>0</truncated>
		<difficult>0</difficult>
		<bndbox>
			<xmin>264</xmin>
			<ymin>19</ymin>
			<xmax>485</xmax>
			<ymax>297</ymax>
		</bndbox>
	</object>
</annotation>
