<annotation>
	<folder>train</folder>
	<filename>apple_0135.jpg</filename>
	<path>C:\FRUIT\train\apple_0135.jpg</path>
	<source>
		<database>Unknown</database>
	</source>
	<size>
		<width>500</width>
		<height>333</height>
		<depth>3</depth>
	</size>
	<segmented>0</segmented>
	<object>
		<name>apple</name>
		<pose>Unspecified</pose>
		<truncated>1</truncated>
		<difficult>0</difficult>
		<bndbox>
			<xmin>10</xmin>
			<ymin>23</ymin>
			<xmax>405</xmax>
			<ymax>333</ymax>
		</bndbox>
	</object>
</annotation>
