<annotation>
	<folder>train</folder>
	<filename>apple_0073.jpg</filename>
	<path>C:\FRUIT\train\apple_0073.jpg</path>
	<source>
		<database>Unknown</database>
	</source>
	<size>
		<width>500</width>
		<height>334</height>
		<depth>3</depth>
	</size>
	<segmented>0</segmented>
	<object>
		<name>apple</name>
		<pose>Unspecified</pose>
		<truncated>0</truncated>
		<difficult>0</difficult>
		<bndbox>
			<xmin>19</xmin>
			<ymin>92</ymin>
			<xmax>490</xmax>
			<ymax>332</ymax>
		</bndbox>
	</object>
	<object>
		<name>apple</name>
		<pose>Unspecified</pose>
		<truncated>0</truncated>
		<difficult>0</difficult>
		<bndbox>
			<xmin>111</xmin>
			<ymin>7</ymin>
			<xmax>414</xmax>
			<ymax>116</ymax>
		</bndbox>
	</object>
</annotation>
