<annotation>
	<folder>train</folder>
	<filename>apple_0132.jpg</filename>
	<path>C:\FRUIT\train\apple_0132.jpg</path>
	<source>
		<database>Unknown</database>
	</source>
	<size>
		<width>500</width>
		<height>384</height>
		<depth>3</depth>
	</size>
	<segmented>0</segmented>
	<object>
		<name>apple</name>
		<pose>Unspecified</pose>
		<truncated>0</truncated>
		<difficult>0</difficult>
		<bndbox>
			<xmin>41</xmin>
			<ymin>71</ymin>
			<xmax>295</xmax>
			<ymax>299</ymax>
		</bndbox>
	</object>
	<object>
		<name>apple</name>
		<pose>Unspecified</pose>
		<truncated>0</truncated>
		<difficult>0</difficult>
		<bndbox>
			<xmin>312</xmin>
			<ymin>30</ymin>
			<xmax>484</xmax>
			<ymax>305</ymax>
		</bndbox>
	</object>
</annotation>
