<annotation>
	<folder>train</folder>
	<filename>apple_0065.jpg</filename>
	<path>C:\FRUIT\train\apple_0065.jpg</path>
	<source>
		<database>Unknown</database>
	</source>
	<size>
		<width>500</width>
		<height>375</height>
		<depth>3</depth>
	</size>
	<segmented>0</segmented>
	<object>
		<name>apple</name>
		<pose>Unspecified</pose>
		<truncated>0</truncated>
		<difficult>0</difficult>
		<bndbox>
			<xmin>77</xmin>
			<ymin>28</ymin>
			<xmax>270</xmax>
			<ymax>234</ymax>
		</bndbox>
	</object>
	<object>
		<name>apple</name>
		<pose>Unspecified</pose>
		<truncated>0</truncated>
		<difficult>0</difficult>
		<bndbox>
			<xmin>202</xmin>
			<ymin>119</ymin>
			<xmax>450</xmax>
			<ymax>343</ymax>
		</bndbox>
	</object>
</annotation>
