<annotation>
	<folder>train</folder>
	<filename>apple_0100.jpg</filename>
	<path>C:\FRUIT\train\apple_0100.jpg</path>
	<source>
		<database>Unknown</database>
	</source>
	<size>
		<width>500</width>
		<height>375</height>
		<depth>3</depth>
	</size>
	<segmented>0</segmented>
	<object>
		<name>apple</name>
		<pose>Unspecified</pose>
		<truncated>0</truncated>
		<difficult>0</difficult>
		<bndbox>
			<xmin>36</xmin>
			<ymin>18</ymin>
			<xmax>266</xmax>
			<ymax>209</ymax>
		</bndbox>
	</object>
	<object>
		<name>apple</name>
		<pose>Unspecified</pose>
		<truncated>0</truncated>
		<difficult>0</difficult>
		<bndbox>
			<xmin>201</xmin>
			<ymin>96</ymin>
			<xmax>463</xmax>
			<ymax>355</ymax>
		</bndbox>
	</object>
</annotation>
