<annotation>
	<folder>train</folder>
	<filename>apple_0006.jpg</filename>
	<path>C:\FRUIT\train\apple_0006.jpg</path>
	<source>
		<database>Unknown</database>
	</source>
	<size>
		<width>500</width>
		<height>333</height>
		<depth>3</depth>
	</size>
	<segmented>0</segmented>
	<object>
		<name>apple</name>
		<pose>Unspecified</pose>
		<truncated>1</truncated>
		<difficult>0</difficult>
		<bndbox>
			<xmin>53</xmin>
			<ymin>162</ymin>
			<xmax>302</xmax>
			<ymax>333</ymax>
		</bndbox>
	</object>
	<object>
		<name>apple</name>
		<pose>Unspecified</pose>
		<truncated>0</truncated>
		<difficult>0</difficult>
		<bndbox>
			<xmin>238</xmin>
			<ymin>89</ymin>
			<xmax>367</xmax>
			<ymax>216</ymax>
		</bndbox>
	</object>
</annotation>
