<annotation>
	<folder>train</folder>
	<filename>apple_0148.jpg</filename>
	<path>C:\FRUIT\train\apple_0148.jpg</path>
	<source>
		<database>Unknown</database>
	</source>
	<size>
		<width>500</width>
		<height>371</height>
		<depth>3</depth>
	</size>
	<segmented>0</segmented>
	<object>
		<name>apple</name>
		<pose>Unspecified</pose>
		<truncated>1</truncated>
		<difficult>0</difficult>
		<bndbox>
			<xmin>63</xmin>
			<ymin>2</ymin>
			<xmax>473</xmax>
			<ymax>371</ymax>
		</bndbox>
	</object>
</annotation>
