<annotation>
	<folder>train</folder>
	<filename>apple_0123.jpg</filename>
	<path>C:\FRUIT\train\apple_0123.jpg</path>
	<source>
		<database>Unknown</database>
	</source>
	<size>
		<width>391</width>
		<height>500</height>
		<depth>3</depth>
	</size>
	<segmented>0</segmented>
	<object>
		<name>apple</name>
		<pose>Unspecified</pose>
		<truncated>1</truncated>
		<difficult>0</difficult>
		<bndbox>
			<xmin>184</xmin>
			<ymin>128</ymin>
			<xmax>391</xmax>
			<ymax>434</ymax>
		</bndbox>
	</object>
</annotation>
