<annotation>
	<folder>train</folder>
	<filename>apple_0159.jpg</filename>
	<path>C:\FRUIT\train\apple_0159.jpg</path>
	<source>
		<database>Unknown</database>
	</source>
	<size>
		<width>500</width>
		<height>381</height>
		<depth>3</depth>
	</size>
	<segmented>0</segmented>
	<object>
		<name>apple</name>
		<pose>Unspecified</pose>
		<truncated>1</truncated>
		<difficult>0</difficult>
		<bndbox>
			<xmin>255</xmin>
			<ymin>84</ymin>
			<xmax>500</xmax>
			<ymax>321</ymax>
		</bndbox>
	</object>
	<object>
		<name>apple</name>
		<pose>Unspecified</pose>
		<truncated>0</truncated>
		<difficult>0</difficult>
		<bndbox>
			<xmin>2</xmin>
			<ymin>264</ymin>
			<xmax>71</xmax>
			<ymax>375</ymax>
		</bndbox>
	</object>
</annotation>
