<annotation>
	<folder>train</folder>
	<filename>apple_0060.jpg</filename>
	<path>C:\FRUIT\train\apple_0060.jpg</path>
	<source>
		<database>Unknown</database>
	</source>
	<size>
		<width>500</width>
		<height>375</height>
		<depth>3</depth>
	</size>
	<segmented>0</segmented>
	<object>
		<name>apple</name>
		<pose>Unspecified</pose>
		<truncated>0</truncated>
		<difficult>0</difficult>
		<bndbox>
			<xmin>110</xmin>
			<ymin>37</ymin>
			<xmax>261</xmax>
			<ymax>199</ymax>
		</bndbox>
	</object>
	<object>
		<name>pear</name>
		<pose>Unspecified</pose>
		<truncated>0</truncated>
		<difficult>0</difficult>
		<bndbox>
			<xmin>268</xmin>
			<ymin>10</ymin>
			<xmax>449</xmax>
			<ymax>127</ymax>
		</bndbox>
	</object>
	<object>
		<name>pear</name>
		<pose>Unspecified</pose>
		<truncated>0</truncated>
		<difficult>0</difficult>
		<bndbox>
			<xmin>234</xmin>
			<ymin>133</ymin>
			<xmax>366</xmax>
			<ymax>308</ymax>
		</bndbox>
	</object>
</annotation>
