<annotation>
	<folder>train</folder>
	<filename>apple_0074.jpg</filename>
	<path>C:\FRUIT\train\apple_0074.jpg</path>
	<source>
		<database>Unknown</database>
	</source>
	<size>
		<width>500</width>
		<height>500</height>
		<depth>3</depth>
	</size>
	<segmented>0</segmented>
	<object>
		<name>apple</name>
		<pose>Unspecified</pose>
		<truncated>0</truncated>
		<difficult>0</difficult>
		<bndbox>
			<xmin>38</xmin>
			<ymin>16</ymin>
			<xmax>476</xmax>
			<ymax>488</ymax>
		</bndbox>
	</object>
</annotation>
