<annotation>
	<folder>train</folder>
	<filename>apple_0018.jpg</filename>
	<path>C:\FRUIT\train\apple_0018.jpg</path>
	<source>
		<database>Unknown</database>
	</source>
	<size>
		<width>500</width>
		<height>375</height>
		<depth>3</depth>
	</size>
	<segmented>0</segmented>
	<object>
		<name>apple</name>
		<pose>Unspecified</pose>
		<truncated>0</truncated>
		<difficult>0</difficult>
		<bndbox>
			<xmin>53</xmin>
			<ymin>173</ymin>
			<xmax>215</xmax>
			<ymax>341</ymax>
		</bndbox>
	</object>
	<object>
		<name>apple</name>
		<pose>Unspecified</pose>
		<truncated>0</truncated>
		<difficult>0</difficult>
		<bndbox>
			<xmin>226</xmin>
			<ymin>172</ymin>
			<xmax>387</xmax>
			<ymax>329</ymax>
		</bndbox>
	</object>
	<object>
		<name>apple</name>
		<pose>Unspecified</pose>
		<truncated>0</truncated>
		<difficult>0</difficult>
		<bndbox>
			<xmin>153</xmin>
			<ymin>151</ymin>
			<xmax>266</xmax>
			<ymax>211</ymax>
		</bndbox>
	</object>
</annotation>
