<annotation>
	<folder>train</folder>
	<filename>apple_0069.jpg</filename>
	<path>C:\FRUIT\train\apple_0069.jpg</path>
	<source>
		<database>Unknown</database>
	</source>
	<size>
		<width>500</width>
		<height>500</height>
		<depth>3</depth>
	</size>
	<segmented>0</segmented>
	<object>
		<name>apple</name>
		<pose>Unspecified</pose>
		<truncated>0</truncated>
		<difficult>0</difficult>
		<bndbox>
			<xmin>45</xmin>
			<ymin>17</ymin>
			<xmax>251</xmax>
			<ymax>256</ymax>
		</bndbox>
	</object>
	<object>
		<name>orange</name>
		<pose>Unspecified</pose>
		<truncated>0</truncated>
		<difficult>0</difficult>
		<bndbox>
			<xmin>254</xmin>
			<ymin>44</ymin>
			<xmax>402</xmax>
			<ymax>241</ymax>
		</bndbox>
	</object>
	<object>
		<name>banana</name>
		<pose>Unspecified</pose>
		<truncated>0</truncated>
		<difficult>0</difficult>
		<bndbox>
			<xmin>12</xmin>
			<ymin>241</ymin>
			<xmax>457</xmax>
			<ymax>444</ymax>
		</bndbox>
	</object>
</annotation>
