<annotation>
	<folder>train</folder>
	<filename>apple_0059.jpg</filename>
	<path>C:\FRUIT\train\apple_0059.jpg</path>
	<source>
		<database>Unknown</database>
	</source>
	<size>
		<width>332</width>
		<height>500</height>
		<depth>3</depth>
	</size>
	<segmented>0</segmented>
	<object>
		<name>apple</name>
		<pose>Unspecified</pose>
		<truncated>0</truncated>
		<difficult>0</difficult>
		<bndbox>
			<xmin>57</xmin>
			<ymin>242</ymin>
			<xmax>288</xmax>
			<ymax>499</ymax>
		</bndbox>
	</object>
</annotation>
