<annotation>
	<folder>train</folder>
	<filename>apple_0137.jpg</filename>
	<path>C:\FRUIT\train\apple_0137.jpg</path>
	<source>
		<database>Unknown</database>
	</source>
	<size>
		<width>500</width>
		<height>333</height>
		<depth>3</depth>
	</size>
	<segmented>0</segmented>
	<object>
		<name>apple</name>
		<pose>Unspecified</pose>
		<truncated>0</truncated>
		<difficult>0</difficult>
		<bndbox>
			<xmin>194</xmin>
			<ymin>76</ymin>
			<xmax>374</xmax>
			<ymax>230</ymax>
		</bndbox>
	</object>
	<object>
		<name>banana</name>
		<pose>Unspecified</pose>
		<truncated>0</truncated>
		<difficult>0</difficult>
		<bndbox>
			<xmin>57</xmin>
			<ymin>189</ymin>
			<xmax>396</xmax>
			<ymax>323</ymax>
		</bndbox>
	</object>
</annotation>
