<annotation>
	<folder>train</folder>
	<filename>apple_0026.jpg</filename>
	<path>C:\FRUIT\train\apple_0026.jpg</path>
	<source>
		<database>Unknown</database>
	</source>
	<size>
		<width>500</width>
		<height>375</height>
		<depth>3</depth>
	</size>
	<segmented>0</segmented>
	<object>
		<name>apple</name>
		<pose>Unspecified</pose>
		<truncated>0</truncated>
		<difficult>0</difficult>
		<bndbox>
			<xmin>193</xmin>
			<ymin>172</ymin>
			<xmax>322</xmax>
			<ymax>291</ymax>
		</bndbox>
	</object>
</annotation>
