<annotation>
	<folder>train</folder>
	<filename>apple_0071.jpg</filename>
	<path>C:\FRUIT\train\apple_0071.jpg</path>
	<source>
		<database>Unknown</database>
	</source>
	<size>
		<width>406</width>
		<height>500</height>
		<depth>3</depth>
	</size>
	<segmented>0</segmented>
	<object>
		<name>apple</name>
		<pose>Unspecified</pose>
		<truncated>0</truncated>
		<difficult>0</difficult>
		<bndbox>
			<xmin>137</xmin>
			<ymin>247</ymin>
			<xmax>279</xmax>
			<ymax>369</ymax>
		</bndbox>
	</object>
</annotation>
