<annotation>
	<folder>train</folder>
	<filename>apple_0125.jpg</filename>
	<path>C:\FRUIT\train\apple_0125.jpg</path>
	<source>
		<database>Unknown</database>
	</source>
	<size>
		<width>500</width>
		<height>333</height>
		<depth>3</depth>
	</size>
	<segmented>0</segmented>
	<object>
		<name>apple</name>
		<pose>Unspecified</pose>
		<truncated>0</truncated>
		<difficult>0</difficult>
		<bndbox>
			<xmin>76</xmin>
			<ymin>97</ymin>
			<xmax>337</xmax>
			<ymax>329</ymax>
		</bndbox>
	</object>
</annotation>
