<annotation>
	<folder>train</folder>
	<filename>apple_0032.jpg</filename>
	<path>C:\FRUIT\train\apple_0032.jpg</path>
	<source>
		<database>Unknown</database>
	</source>
	<size>
		<width>500</width>
		<height>375</height>
		<depth>3</depth>
	</size>
	<segmented>0</segmented>
	<object>
		<name>apple</name>
		<pose>Unspecified</pose>
		<truncated>0</truncated>
		<difficult>0</difficult>
		<bndbox>
			<xmin>197</xmin>
			<ymin>119</ymin>
			<xmax>368</xmax>
			<ymax>265</ymax>
		</bndbox>
	</object>
	<object>
		<name>apple</name>
		<pose>Unspecified</pose>
		<truncated>0</truncated>
		<difficult>0</difficult>
		<bndbox>
			<xmin>65</xmin>
			<ymin>190</ymin>
			<xmax>220</xmax>
			<ymax>293</ymax>
		</bndbox>
	</object>
</annotation>
