<annotation>
	<folder>train</folder>
	<filename>apple_0111.jpg</filename>
	<path>C:\FRUIT\train\apple_0111.jpg</path>
	<source>
		<database>Unknown</database>
	</source>
	<size>
		<width>355</width>
		<height>500</height>
		<depth>3</depth>
	</size>
	<segmented>0</segmented>
	<object>
		<name>apple</name>
		<pose>Unspecified</pose>
		<truncated>0</truncated>
		<difficult>0</difficult>
		<bndbox>
			<xmin>56</xmin>
			<ymin>5</ymin>
			<xmax>349</xmax>
			<ymax>341</ymax>
		</bndbox>
	</object>
	<object>
		<name>apple</name>
		<pose>Unspecified</pose>
		<truncated>0</truncated>
		<difficult>0</difficult>
		<bndbox>
			<xmin>13</xmin>
			<ymin>389</ymin>
			<xmax>88</xmax>
			<ymax>476</ymax>
		</bndbox>
	</object>
</annotation>
