<annotation>
	<folder>train</folder>
	<filename>apple_0014.jpg</filename>
	<path>C:\FRUIT\train\apple_0014.jpg</path>
	<source>
		<database>Unknown</database>
	</source>
	<size>
		<width>500</width>
		<height>363</height>
		<depth>3</depth>
	</size>
	<segmented>0</segmented>
	<object>
		<name>apple</name>
		<pose>Unspecified</pose>
		<truncated>0</truncated>
		<difficult>0</difficult>
		<bndbox>
			<xmin>98</xmin>
			<ymin>119</ymin>
			<xmax>417</xmax>
			<ymax>357</ymax>
		</bndbox>
	</object>
</annotation>
