<annotation>
	<folder>train</folder>
	<filename>apple_0134.jpg</filename>
	<path>C:\FRUIT\train\apple_0134.jpg</path>
	<source>
		<database>Unknown</database>
	</source>
	<size>
		<width>400</width>
		<height>500</height>
		<depth>3</depth>
	</size>
	<segmented>0</segmented>
	<object>
		<name>apple</name>
		<pose>Unspecified</pose>
		<truncated>0</truncated>
		<difficult>0</difficult>
		<bndbox>
			<xmin>4</xmin>
			<ymin>295</ymin>
			<xmax>186</xmax>
			<ymax>472</ymax>
		</bndbox>
	</object>
	<object>
		<name>apple</name>
		<pose>Unspecified</pose>
		<truncated>0</truncated>
		<difficult>0</difficult>
		<bndbox>
			<xmin>64</xmin>
			<ymin>192</ymin>
			<xmax>134</xmax>
			<ymax>296</ymax>
		</bndbox>
	</object>
</annotation>
