<annotation>
	<folder>train</folder>
	<filename>apple_0054.jpg</filename>
	<path>C:\FRUIT\train\apple_0054.jpg</path>
	<source>
		<database>Unknown</database>
	</source>
	<size>
		<width>500</width>
		<height>333</height>
		<depth>3</depth>
	</size>
	<segmented>0</segmented>
	<object>
		<name>apple</name>
		<pose>Unspecified</pose>
		<truncated>0</truncated>
		<difficult>0</difficult>
		<bndbox>
			<xmin>218</xmin>
			<ymin>3</ymin>
			<xmax>426</xmax>
			<ymax>193</ymax>
		</bndbox>
	</object>
	<object>
		<name>apple</name>
		<pose>Unspecified</pose>
		<truncated>0</truncated>
		<difficult>0</difficult>
		<bndbox>
			<xmin>116</xmin>
			<ymin>120</ymin>
			<xmax>253</xmax>
			<ymax>228</ymax>
		</bndbox>
	</object>
	<object>
		<name>apple</name>
		<pose>Unspecified</pose>
		<truncated>1</truncated>
		<difficult>0</difficult>
		<bndbox>
			<xmin>399</xmin>
			<ymin>94</ymin>
			<xmax>500</xmax>
			<ymax>247</ymax>
		</bndbox>
	</object>
</annotation>
