<annotation>
	<folder>train</folder>
	<filename>apple_0010.jpg</filename>
	<path>C:\FRUIT\train\apple_0010.jpg</path>
	<source>
		<database>Unknown</database>
	</source>
	<size>
		<width>500</width>
		<height>375</height>
		<depth>3</depth>
	</size>
	<segmented>0</segmented>
	<object>
		<name>apple</name>
		<pose>Unspecified</pose>
		<truncated>1</truncated>
		<difficult>0</difficult>
		<bndbox>
			<xmin>4</xmin>
			<ymin>85</ymin>
			<xmax>355</xmax>
			<ymax>375</ymax>
		</bndbox>
	</object>
</annotation>
