<annotation>
	<folder>train</folder>
	<filename>apple_0004.jpg</filename>
	<path>C:\FRUIT\train\apple_0004.jpg</path>
	<source>
		<database>Unknown</database>
	</source>
	<size>
		<width>335</width>
		<height>500</height>
		<depth>3</depth>
	</size>
	<segmented>0</segmented>
	<object>
		<name>apple</name>
		<pose>Unspecified</pose>
		<truncated>0</truncated>
		<difficult>0</difficult>
		<bndbox>
			<xmin>50</xmin>
			<ymin>104</ymin>
			<xmax>293</xmax>
			<ymax>354</ymax>
		</bndbox>
	</object>
</annotation>
