<annotation>
	<folder>train</folder>
	<filename>pear_0038.jpg</filename>
	<path>C:\FRUIT\train\pear_0038.jpg</path>
	<source>
		<database>Unknown</database>
	</source>
	<size>
		<width>500</width>
		<height>412</height>
		<depth>3</depth>
	</size>
	<segmented>0</segmented>
	<object>
		<name>pear</name>
		<pose>Unspecified</pose>
		<truncated>1</truncated>
		<difficult>0</difficult>
		<bndbox>
			<xmin>52</xmin>
			<ymin>1</ymin>
			<xmax>243</xmax>
			<ymax>190</ymax>
		</bndbox>
	</object>
	<object>
		<name>pear</name>
		<pose>Unspecified</pose>
		<truncated>0</truncated>
		<difficult>0</difficult>
		<bndbox>
			<xmin>119</xmin>
			<ymin>158</ymin>
			<xmax>492</xmax>
			<ymax>357</ymax>
		</bndbox>
	</object>
</annotation>
