<annotation>
	<folder>train</folder>
	<filename>pear_0113.jpg</filename>
	<path>C:\FRUIT\train\pear_0113.jpg</path>
	<source>
		<database>Unknown</database>
	</source>
	<size>
		<width>500</width>
		<height>333</height>
		<depth>3</depth>
	</size>
	<segmented>0</segmented>
	<object>
		<name>pear</name>
		<pose>Unspecified</pose>
		<truncated>0</truncated>
		<difficult>0</difficult>
		<bndbox>
			<xmin>202</xmin>
			<ymin>91</ymin>
			<xmax>339</xmax>
			<ymax>308</ymax>
		</bndbox>
	</object>
	<object>
		<name>pear</name>
		<pose>Unspecified</pose>
		<truncated>0</truncated>
		<difficult>0</difficult>
		<bndbox>
			<xmin>295</xmin>
			<ymin>53</ymin>
			<xmax>462</xmax>
			<ymax>270</ymax>
		</bndbox>
	</object>
</annotation>
