<annotation>
	<folder>train</folder>
	<filename>pear_0009.jpg</filename>
	<path>C:\FRUIT\train\pear_0009.jpg</path>
	<source>
		<database>Unknown</database>
	</source>
	<size>
		<width>500</width>
		<height>375</height>
		<depth>3</depth>
	</size>
	<segmented>0</segmented>
	<object>
		<name>pear</name>
		<pose>Unspecified</pose>
		<truncated>0</truncated>
		<difficult>0</difficult>
		<bndbox>
			<xmin>109</xmin>
			<ymin>238</ymin>
			<xmax>251</xmax>
			<ymax>350</ymax>
		</bndbox>
	</object>
	<object>
		<name>pear</name>
		<pose>Unspecified</pose>
		<truncated>0</truncated>
		<difficult>0</difficult>
		<bndbox>
			<xmin>357</xmin>
			<ymin>202</ymin>
			<xmax>476</xmax>
			<ymax>291</ymax>
		</bndbox>
	</object>
	<object>
		<name>pear</name>
		<pose>Unspecified</pose>
		<truncated>1</truncated>
		<difficult>0</difficult>
		<bndbox>
			<xmin>274</xmin>
			<ymin>266</ymin>
			<xmax>386</xmax>
			<ymax>375</ymax>
		</bndbox>
	</object>
</annotation>
