<annotation>
	<folder>train</folder>
	<filename>pear_0099.jpg</filename>
	<path>C:\FRUIT\train\pear_0099.jpg</path>
	<source>
		<database>Unknown</database>
	</source>
	<size>
		<width>500</width>
		<height>375</height>
		<depth>3</depth>
	</size>
	<segmented>0</segmented>
	<object>
		<name>pear</name>
		<pose>Unspecified</pose>
		<truncated>0</truncated>
		<difficult>0</difficult>
		<bndbox>
			<xmin>19</xmin>
			<ymin>110</ymin>
			<xmax>140</xmax>
			<ymax>266</ymax>
		</bndbox>
	</object>
	<object>
		<name>pear</name>
		<pose>Unspecified</pose>
		<truncated>0</truncated>
		<difficult>0</difficult>
		<bndbox>
			<xmin>192</xmin>
			<ymin>121</ymin>
			<xmax>313</xmax>
			<ymax>270</ymax>
		</bndbox>
	</object>
</annotation>
