<annotation>
	<folder>train</folder>
	<filename>pear_0126.jpg</filename>
	<path>C:\FRUIT\train\pear_0126.jpg</path>
	<source>
		<database>Unknown</database>
	</source>
	<size>
		<width>500</width>
		<height>333</height>
		<depth>3</depth>
	</size>
	<segmented>0</segmented>
	<object>
		<name>pear</name>
		<pose>Unspecified</pose>
		<truncated>0</truncated>
		<difficult>0</difficult>
		<bndbox>
			<xmin>10</xmin>
			<ymin>55</ymin>
			<xmax>197</xmax>
			<ymax>229</ymax>
		</bndbox>
	</object>
	<object>
		<name>pear</name>
		<pose>Unspecified</pose>
		<truncated>1</truncated>
		<difficult>0</difficult>
		<bndbox>
			<xmin>36</xmin>
			<ymin>211</ymin>
			<xmax>224</xmax>
			<ymax>333</ymax>
		</bndbox>
	</object>
</annotation>
