<annotation>
	<folder>train</folder>
	<filename>pear_0001.jpg</filename>
	<path>C:\FRUIT\train\pear_0001.jpg</path>
	<source>
		<database>Unknown</database>
	</source>
	<size>
		<width>300</width>
		<height>400</height>
		<depth>3</depth>
	</size>
	<segmented>0</segmented>
	<object>
		<name>pear</name>
		<pose>Unspecified</pose>
		<truncated>0</truncated>
		<difficult>0</difficult>
		<bndbox>
			<xmin>20</xmin>
			<ymin>23</ymin>
			<xmax>145</xmax>
			<ymax>238</ymax>
		</bndbox>
	</object>
	<object>
		<name>pear</name>
		<pose>Unspecified</pose>
		<truncated>0</truncated>
		<difficult>0</difficult>
		<bndbox>
			<xmin>123</xmin>
			<ymin>14</ymin>
			<xmax>283</xmax>
			<ymax>201</ymax>
		</bndbox>
	</object>
</annotation>
