<annotation>
	<folder>train</folder>
	<filename>pear_0086.jpg</filename>
	<path>C:\FRUIT\train\pear_0086.jpg</path>
	<source>
		<database>Unknown</database>
	</source>
	<size>
		<width>500</width>
		<height>375</height>
		<depth>3</depth>
	</size>
	<segmented>0</segmented>
	<object>
		<name>pear</name>
		<pose>Unspecified</pose>
		<truncated>0</truncated>
		<difficult>0</difficult>
		<bndbox>
			<xmin>291</xmin>
			<ymin>186</ymin>
			<xmax>491</xmax>
			<ymax>325</ymax>
		</bndbox>
	</object>
</annotation>
