<annotation>
	<folder>train</folder>
	<filename>pear_0156.jpg</filename>
	<path>C:\FRUIT\train\pear_0156.jpg</path>
	<source>
		<database>Unknown</database>
	</source>
	<size>
		<width>375</width>
		<height>500</height>
		<depth>3</depth>
	</size>
	<segmented>0</segmented>
	<object>
		<name>apple</name>
		<pose>Unspecified</pose>
		<truncated>0</truncated>
		<difficult>0</difficult>
		<bndbox>
			<xmin>150</xmin>
			<ymin>333</ymin>
			<xmax>291</xmax>
			<ymax>447</ymax>
		</bndbox>
	</object>
	<object>
		<name>apple</name>
		<pose>Unspecified</pose>
		<truncated>0</truncated>
		<difficult>0</difficult>
		<bndbox>
			<xmin>67</xmin>
			<ymin>276</ymin>
			<xmax>171</xmax>
			<ymax>386</ymax>
		</bndbox>
	</object>
</annotation>
