<annotation>
	<folder>train</folder>
	<filename>pear_0111.jpg</filename>
	<path>C:\FRUIT\train\pear_0111.jpg</path>
	<source>
		<database>Unknown</database>
	</source>
	<size>
		<width>375</width>
		<height>500</height>
		<depth>3</depth>
	</size>
	<segmented>0</segmented>
	<object>
		<name>pear</name>
		<pose>Unspecified</pose>
		<truncated>0</truncated>
		<difficult>0</difficult>
		<bndbox>
			<xmin>66</xmin>
			<ymin>215</ymin>
			<xmax>290</xmax>
			<ymax>438</ymax>
		</bndbox>
	</object>
	<object>
		<name>pear</name>
		<pose>Unspecified</pose>
		<truncated>0</truncated>
		<difficult>0</difficult>
		<bndbox>
			<xmin>54</xmin>
			<ymin>149</ymin>
			<xmax>204</xmax>
			<ymax>259</ymax>
		</bndbox>
	</object>
</annotation>
