<annotation>
	<folder>train</folder>
	<filename>pear_0120.jpg</filename>
	<path>C:\FRUIT\train\pear_0120.jpg</path>
	<source>
		<database>Unknown</database>
	</source>
	<size>
		<width>332</width>
		<height>500</height>
		<depth>3</depth>
	</size>
	<segmented>0</segmented>
	<object>
		<name>pear</name>
		<pose>Unspecified</pose>
		<truncated>0</truncated>
		<difficult>0</difficult>
		<bndbox>
			<xmin>67</xmin>
			<ymin>42</ymin>
			<xmax>298</xmax>
			<ymax>335</ymax>
		</bndbox>
	</object>
</annotation>
