<annotation>
	<folder>train</folder>
	<filename>pear_0025.jpg</filename>
	<path>C:\FRUIT\train\pear_0025.jpg</path>
	<source>
		<database>Unknown</database>
	</source>
	<size>
		<width>500</width>
		<height>379</height>
		<depth>3</depth>
	</size>
	<segmented>0</segmented>
	<object>
		<name>pear</name>
		<pose>Unspecified</pose>
		<truncated>0</truncated>
		<difficult>0</difficult>
		<bndbox>
			<xmin>125</xmin>
			<ymin>32</ymin>
			<xmax>389</xmax>
			<ymax>369</ymax>
		</bndbox>
	</object>
	<object>
		<name>pear</name>
		<pose>Unspecified</pose>
		<truncated>0</truncated>
		<difficult>0</difficult>
		<bndbox>
			<xmin>5</xmin>
			<ymin>43</ymin>
			<xmax>157</xmax>
			<ymax>272</ymax>
		</bndbox>
	</object>
	<object>
		<name>pear</name>
		<pose>Unspecified</pose>
		<truncated>0</truncated>
		<difficult>0</difficult>
		<bndbox>
			<xmin>352</xmin>
			<ymin>97</ymin>
			<xmax>487</xmax>
			<ymax>371</ymax>
		</bndbox>
	</object>
</annotation>
