<annotation>
	<folder>train</folder>
	<filename>pear_0127.jpg</filename>
	<path>C:\FRUIT\train\pear_0127.jpg</path>
	<source>
		<database>Unknown</database>
	</source>
	<size>
		<width>500</width>
		<height>333</height>
		<depth>3</depth>
	</size>
	<segmented>0</segmented>
	<object>
		<name>pear</name>
		<pose>Unspecified</pose>
		<truncated>1</truncated>
		<difficult>0</difficult>
		<bndbox>
			<xmin>29</xmin>
			<ymin>135</ymin>
			<xmax>348</xmax>
			<ymax>333</ymax>
		</bndbox>
	</object>
</annotation>
