<annotation>
	<folder>train</folder>
	<filename>pear_0142.jpg</filename>
	<path>C:\FRUIT\train\pear_0142.jpg</path>
	<source>
		<database>Unknown</database>
	</source>
	<size>
		<width>333</width>
		<height>500</height>
		<depth>3</depth>
	</size>
	<segmented>0</segmented>
	<object>
		<name>pear</name>
		<pose>Unspecified</pose>
		<truncated>0</truncated>
		<difficult>0</difficult>
		<bndbox>
			<xmin>56</xmin>
			<ymin>180</ymin>
			<xmax>298</xmax>
			<ymax>480</ymax>
		</bndbox>
	</object>
	<object>
		<name>pear</name>
		<pose>Unspecified</pose>
		<truncated>0</truncated>
		<difficult>0</difficult>
		<bndbox>
			<xmin>219</xmin>
			<ymin>69</ymin>
			<xmax>329</xmax>
			<ymax>247</ymax>
		</bndbox>
	</object>
</annotation>
