<annotation>
	<folder>train</folder>
	<filename>pear_0049.jpg</filename>
	<path>C:\FRUIT\train\pear_0049.jpg</path>
	<source>
		<database>Unknown</database>
	</source>
	<size>
		<width>500</width>
		<height>500</height>
		<depth>3</depth>
	</size>
	<segmented>0</segmented>
	<object>
		<name>pear</name>
		<pose>Unspecified</pose>
		<truncated>0</truncated>
		<difficult>0</difficult>
		<bndbox>
			<xmin>105</xmin>
			<ymin>83</ymin>
			<xmax>332</xmax>
			<ymax>341</ymax>
		</bndbox>
	</object>
	<object>
		<name>pear</name>
		<pose>Unspecified</pose>
		<truncated>1</truncated>
		<difficult>0</difficult>
		<bndbox>
			<xmin>13</xmin>
			<ymin>296</ymin>
			<xmax>295</xmax>
			<ymax>500</ymax>
		</bndbox>
	</object>
</annotation>
