<annotation>
	<folder>train</folder>
	<filename>pear_0063.jpg</filename>
	<path>C:\FRUIT\train\pear_0063.jpg</path>
	<source>
		<database>Unknown</database>
	</source>
	<size>
		<width>500</width>
		<height>370</height>
		<depth>3</depth>
	</size>
	<segmented>0</segmented>
	<object>
		<name>pear</name>
		<pose>Unspecified</pose>
		<truncated>0</truncated>
		<difficult>0</difficult>
		<bndbox>
			<xmin>145</xmin>
			<ymin>220</ymin>
			<xmax>210</xmax>
			<ymax>321</ymax>
		</bndbox>
	</object>
	<object>
		<name>pear</name>
		<pose>Unspecified</pose>
		<truncated>0</truncated>
		<difficult>0</difficult>
		<bndbox>
			<xmin>394</xmin>
			<ymin>208</ymin>
			<xmax>445</xmax>
			<ymax>299</ymax>
		</bndbox>
	</object>
	<object>
		<name>pear</name>
		<pose>Unspecified</pose>
		<truncated>0</truncated>
		<difficult>0</difficult>
		<bndbox>
			<xmin>32</xmin>
			<ymin>217</ymin>
			<xmax>140</xmax>
			<ymax>360</ymax>
		</bndbox>
	</object>
</annotation>
