<annotation>
	<folder>train</folder>
	<filename>pear_0022.jpg</filename>
	<path>C:\FRUIT\train\pear_0022.jpg</path>
	<source>
		<database>Unknown</database>
	</source>
	<size>
		<width>500</width>
		<height>375</height>
		<depth>3</depth>
	</size>
	<segmented>0</segmented>
	<object>
		<name>pear</name>
		<pose>Unspecified</pose>
		<truncated>0</truncated>
		<difficult>0</difficult>
		<bndbox>
			<xmin>125</xmin>
			<ymin>201</ymin>
			<xmax>172</xmax>
			<ymax>234</ymax>
		</bndbox>
	</object>
	<object>
		<name>pear</name>
		<pose>Unspecified</pose>
		<truncated>0</truncated>
		<difficult>0</difficult>
		<bndbox>
			<xmin>160</xmin>
			<ymin>188</ymin>
			<xmax>212</xmax>
			<ymax>225</ymax>
		</bndbox>
	</object>
	<object>
		<name>pear</name>
		<pose>Unspecified</pose>
		<truncated>0</truncated>
		<difficult>0</difficult>
		<bndbox>
			<xmin>176</xmin>
			<ymin>155</ymin>
			<xmax>207</xmax>
			<ymax>188</ymax>
		</bndbox>
	</object>
	<object>
		<name>pear</name>
		<pose>Unspecified</pose>
		<truncated>0</truncated>
		<difficult>0</difficult>
		<bndbox>
			<xmin>214</xmin>
			<ymin>188</ymin>
			<xmax>284</xmax>
			<ymax>210</ymax>
		</bndbox>
	</object>
	<object>
		<name>pear</name>
		<pose>Unspecified</pose>
		<truncated>0</truncated>
		<difficult>0</difficult>
		<bndbox>
			<xmin>99</xmin>
			<ymin>216</ymin>
			<xmax>133</xmax>
			<ymax>243</ymax>
		</bndbox>
	</object>
	<object>
		<name>pear</name>
		<pose>Unspecified</pose>
		<truncated>0</truncated>
		<difficult>0</difficult>
		<bndbox>
			<xmin>36</xmin>
			<ymin>234</ymin>
			<xmax>67</xmax>
			<ymax>265</ymax>
		</bndbox>
	</object>
	<object>
		<name>pear</name>
		<pose>Unspecified</pose>
		<truncated>0</truncated>
		<difficult>0</difficult>
		<bndbox>
			<xmin>13</xmin>
			<ymin>269</ymin>
			<xmax>64</xmax>
			<ymax>289</ymax>
		</bndbox>
	</object>
	<object>
		<name>pear</name>
		<pose>Unspecified</pose>
		<truncated>0</truncated>
		<difficult>0</difficult>
		<bndbox>
			<xmin>51</xmin>
			<ymin>253</ymin>
			<xmax>98</xmax>
			<ymax>273</ymax>
		</bndbox>
	</object>
</annotation>
