<annotation>
	<folder>train</folder>
	<filename>pear_0145.jpg</filename>
	<path>C:\FRUIT\train\pear_0145.jpg</path>
	<source>
		<database>Unknown</database>
	</source>
	<size>
		<width>500</width>
		<height>408</height>
		<depth>3</depth>
	</size>
	<segmented>0</segmented>
	<object>
		<name>pear</name>
		<pose>Unspecified</pose>
		<truncated>0</truncated>
		<difficult>0</difficult>
		<bndbox>
			<xmin>52</xmin>
			<ymin>129</ymin>
			<xmax>187</xmax>
			<ymax>226</ymax>
		</bndbox>
	</object>
	<object>
		<name>pear</name>
		<pose>Unspecified</pose>
		<truncated>0</truncated>
		<difficult>0</difficult>
		<bndbox>
			<xmin>148</xmin>
			<ymin>157</ymin>
			<xmax>285</xmax>
			<ymax>342</ymax>
		</bndbox>
	</object>
	<object>
		<name>pear</name>
		<pose>Unspecified</pose>
		<truncated>0</truncated>
		<difficult>0</difficult>
		<bndbox>
			<xmin>341</xmin>
			<ymin>160</ymin>
			<xmax>444</xmax>
			<ymax>272</ymax>
		</bndbox>
	</object>
</annotation>
