<annotation>
	<folder>train</folder>
	<filename>pear_0070.jpg</filename>
	<path>C:\FRUIT\train\pear_0070.jpg</path>
	<source>
		<database>Unknown</database>
	</source>
	<size>
		<width>500</width>
		<height>335</height>
		<depth>3</depth>
	</size>
	<segmented>0</segmented>
	<object>
		<name>pear</name>
		<pose>Unspecified</pose>
		<truncated>0</truncated>
		<difficult>0</difficult>
		<bndbox>
			<xmin>130</xmin>
			<ymin>154</ymin>
			<xmax>314</xmax>
			<ymax>315</ymax>
		</bndbox>
	</object>
	<object>
		<name>pear</name>
		<pose>Unspecified</pose>
		<truncated>0</truncated>
		<difficult>0</difficult>
		<bndbox>
			<xmin>270</xmin>
			<ymin>137</ymin>
			<xmax>437</xmax>
			<ymax>304</ymax>
		</bndbox>
	</object>
	<object>
		<name>pear</name>
		<pose>Unspecified</pose>
		<truncated>0</truncated>
		<difficult>0</difficult>
		<bndbox>
			<xmin>35</xmin>
			<ymin>131</ymin>
			<xmax>164</xmax>
			<ymax>309</ymax>
		</bndbox>
	</object>
</annotation>
