<annotation>
	<folder>train</folder>
	<filename>pear_0042.jpg</filename>
	<path>C:\FRUIT\train\pear_0042.jpg</path>
	<source>
		<database>Unknown</database>
	</source>
	<size>
		<width>500</width>
		<height>414</height>
		<depth>3</depth>
	</size>
	<segmented>0</segmented>
	<object>
		<name>pear</name>
		<pose>Unspecified</pose>
		<truncated>0</truncated>
		<difficult>0</difficult>
		<bndbox>
			<xmin>187</xmin>
			<ymin>125</ymin>
			<xmax>326</xmax>
			<ymax>294</ymax>
		</bndbox>
	</object>
	<object>
		<name>pear</name>
		<pose>Unspecified</pose>
		<truncated>0</truncated>
		<difficult>0</difficult>
		<bndbox>
			<xmin>69</xmin>
			<ymin>238</ymin>
			<xmax>236</xmax>
			<ymax>375</ymax>
		</bndbox>
	</object>
	<object>
		<name>pear</name>
		<pose>Unspecified</pose>
		<truncated>0</truncated>
		<difficult>0</difficult>
		<bndbox>
			<xmin>4</xmin>
			<ymin>19</ymin>
			<xmax>168</xmax>
			<ymax>152</ymax>
		</bndbox>
	</object>
</annotation>
