<annotation>
	<folder>train</folder>
	<filename>pear_0088.jpg</filename>
	<path>C:\FRUIT\train\pear_0088.jpg</path>
	<source>
		<database>Unknown</database>
	</source>
	<size>
		<width>264</width>
		<height>227</height>
		<depth>3</depth>
	</size>
	<segmented>0</segmented>
	<object>
		<name>pear</name>
		<pose>Unspecified</pose>
		<truncated>0</truncated>
		<difficult>0</difficult>
		<bndbox>
			<xmin>14</xmin>
			<ymin>47</ymin>
			<xmax>124</xmax>
			<ymax>190</ymax>
		</bndbox>
	</object>
	<object>
		<name>pear</name>
		<pose>Unspecified</pose>
		<truncated>0</truncated>
		<difficult>0</difficult>
		<bndbox>
			<xmin>123</xmin>
			<ymin>49</ymin>
			<xmax>204</xmax>
			<ymax>154</ymax>
		</bndbox>
	</object>
	<object>
		<name>pear</name>
		<pose>Unspecified</pose>
		<truncated>1</truncated>
		<difficult>0</difficult>
		<bndbox>
			<xmin>209</xmin>
			<ymin>34</ymin>
			<xmax>264</xmax>
			<ymax>160</ymax>
		</bndbox>
	</object>
</annotation>
