<annotation>
	<folder>train</folder>
	<filename>pear_0137.jpg</filename>
	<path>C:\FRUIT\train\pear_0137.jpg</path>
	<source>
		<database>Unknown</database>
	</source>
	<size>
		<width>376</width>
		<height>500</height>
		<depth>3</depth>
	</size>
	<segmented>0</segmented>
	<object>
		<name>pear</name>
		<pose>Unspecified</pose>
		<truncated>0</truncated>
		<difficult>0</difficult>
		<bndbox>
			<xmin>127</xmin>
			<ymin>92</ymin>
			<xmax>165</xmax>
			<ymax>130</ymax>
		</bndbox>
	</object>
	<object>
		<name>pear</name>
		<pose>Unspecified</pose>
		<truncated>0</truncated>
		<difficult>0</difficult>
		<bndbox>
			<xmin>242</xmin>
			<ymin>18</ymin>
			<xmax>278</xmax>
			<ymax>60</ymax>
		</bndbox>
	</object>
</annotation>
