<annotation>
	<folder>train</folder>
	<filename>pear_0141.jpg</filename>
	<path>C:\FRUIT\train\pear_0141.jpg</path>
	<source>
		<database>Unknown</database>
	</source>
	<size>
		<width>351</width>
		<height>500</height>
		<depth>3</depth>
	</size>
	<segmented>0</segmented>
	<object>
		<name>pear</name>
		<pose>Unspecified</pose>
		<truncated>0</truncated>
		<difficult>0</difficult>
		<bndbox>
			<xmin>65</xmin>
			<ymin>99</ymin>
			<xmax>247</xmax>
			<ymax>321</ymax>
		</bndbox>
	</object>
</annotation>
