<annotation>
	<folder>train</folder>
	<filename>pear_0110.jpg</filename>
	<path>C:\FRUIT\train\pear_0110.jpg</path>
	<source>
		<database>Unknown</database>
	</source>
	<size>
		<width>500</width>
		<height>375</height>
		<depth>3</depth>
	</size>
	<segmented>0</segmented>
	<object>
		<name>pear</name>
		<pose>Unspecified</pose>
		<truncated>0</truncated>
		<difficult>0</difficult>
		<bndbox>
			<xmin>68</xmin>
			<ymin>101</ymin>
			<xmax>257</xmax>
			<ymax>273</ymax>
		</bndbox>
	</object>
	<object>
		<name>pear</name>
		<pose>Unspecified</pose>
		<truncated>0</truncated>
		<difficult>0</difficult>
		<bndbox>
			<xmin>293</xmin>
			<ymin>183</ymin>
			<xmax>468</xmax>
			<ymax>328</ymax>
		</bndbox>
	</object>
	<object>
		<name>pear</name>
		<pose>Unspecified</pose>
		<truncated>1</truncated>
		<difficult>0</difficult>
		<bndbox>
			<xmin>17</xmin>
			<ymin>200</ymin>
			<xmax>221</xmax>
			<ymax>375</ymax>
		</bndbox>
	</object>
</annotation>
