<annotation>
	<folder>train</folder>
	<filename>pear_0150.jpg</filename>
	<path>C:\FRUIT\train\pear_0150.jpg</path>
	<source>
		<database>Unknown</database>
	</source>
	<size>
		<width>409</width>
		<height>500</height>
		<depth>3</depth>
	</size>
	<segmented>0</segmented>
	<object>
		<name>pear</name>
		<pose>Unspecified</pose>
		<truncated>0</truncated>
		<difficult>0</difficult>
		<bndbox>
			<xmin>99</xmin>
			<ymin>124</ymin>
			<xmax>249</xmax>
			<ymax>292</ymax>
		</bndbox>
	</object>
</annotation>
