<annotation>
	<folder>train</folder>
	<filename>pear_0078.jpg</filename>
	<path>C:\FRUIT\train\pear_0078.jpg</path>
	<source>
		<database>Unknown</database>
	</source>
	<size>
		<width>500</width>
		<height>375</height>
		<depth>3</depth>
	</size>
	<segmented>0</segmented>
	<object>
		<name>pear</name>
		<pose>Unspecified</pose>
		<truncated>0</truncated>
		<difficult>0</difficult>
		<bndbox>
			<xmin>46</xmin>
			<ymin>154</ymin>
			<xmax>264</xmax>
			<ymax>343</ymax>
		</bndbox>
	</object>
	<object>
		<name>pear</name>
		<pose>Unspecified</pose>
		<truncated>0</truncated>
		<difficult>0</difficult>
		<bndbox>
			<xmin>246</xmin>
			<ymin>201</ymin>
			<xmax>389</xmax>
			<ymax>374</ymax>
		</bndbox>
	</object>
	<object>
		<name>pear</name>
		<pose>Unspecified</pose>
		<truncated>0</truncated>
		<difficult>0</difficult>
		<bndbox>
			<xmin>322</xmin>
			<ymin>104</ymin>
			<xmax>479</xmax>
			<ymax>346</ymax>
		</bndbox>
	</object>
</annotation>
