<annotation>
	<folder>train</folder>
	<filename>pear_0072.jpg</filename>
	<path>C:\FRUIT\train\pear_0072.jpg</path>
	<source>
		<database>Unknown</database>
	</source>
	<size>
		<width>500</width>
		<height>359</height>
		<depth>3</depth>
	</size>
	<segmented>0</segmented>
	<object>
		<name>pear</name>
		<pose>Unspecified</pose>
		<truncated>0</truncated>
		<difficult>0</difficult>
		<bndbox>
			<xmin>11</xmin>
			<ymin>66</ymin>
			<xmax>224</xmax>
			<ymax>354</ymax>
		</bndbox>
	</object>
	<object>
		<name>pear</name>
		<pose>Unspecified</pose>
		<truncated>0</truncated>
		<difficult>0</difficult>
		<bndbox>
			<xmin>192</xmin>
			<ymin>32</ymin>
			<xmax>452</xmax>
			<ymax>239</ymax>
		</bndbox>
	</object>
	<object>
		<name>pear</name>
		<pose>Unspecified</pose>
		<truncated>1</truncated>
		<difficult>0</difficult>
		<bndbox>
			<xmin>228</xmin>
			<ymin>193</ymin>
			<xmax>474</xmax>
			<ymax>359</ymax>
		</bndbox>
	</object>
</annotation>
