<annotation>
	<folder>train</folder>
	<filename>pear_0117.jpg</filename>
	<path>C:\FRUIT\train\pear_0117.jpg</path>
	<source>
		<database>Unknown</database>
	</source>
	<size>
		<width>500</width>
		<height>375</height>
		<depth>3</depth>
	</size>
	<segmented>0</segmented>
	<object>
		<name>pear</name>
		<pose>Unspecified</pose>
		<truncated>0</truncated>
		<difficult>0</difficult>
		<bndbox>
			<xmin>198</xmin>
			<ymin>156</ymin>
			<xmax>281</xmax>
			<ymax>270</ymax>
		</bndbox>
	</object>
	<object>
		<name>pear</name>
		<pose>Unspecified</pose>
		<truncated>0</truncated>
		<difficult>0</difficult>
		<bndbox>
			<xmin>359</xmin>
			<ymin>112</ymin>
			<xmax>442</xmax>
			<ymax>260</ymax>
		</bndbox>
	</object>
</annotation>
