<annotation>
	<folder>train</folder>
	<filename>pear_0056.jpg</filename>
	<path>C:\FRUIT\train\pear_0056.jpg</path>
	<source>
		<database>Unknown</database>
	</source>
	<size>
		<width>500</width>
		<height>318</height>
		<depth>3</depth>
	</size>
	<segmented>0</segmented>
	<object>
		<name>pear</name>
		<pose>Unspecified</pose>
		<truncated>0</truncated>
		<difficult>0</difficult>
		<bndbox>
			<xmin>88</xmin>
			<ymin>100</ymin>
			<xmax>269</xmax>
			<ymax>236</ymax>
		</bndbox>
	</object>
	<object>
		<name>pear</name>
		<pose>Unspecified</pose>
		<truncated>0</truncated>
		<difficult>0</difficult>
		<bndbox>
			<xmin>260</xmin>
			<ymin>79</ymin>
			<xmax>384</xmax>
			<ymax>239</ymax>
		</bndbox>
	</object>
</annotation>
