<annotation>
	<folder>train</folder>
	<filename>pear_0035.jpg</filename>
	<path>C:\FRUIT\train\pear_0035.jpg</path>
	<source>
		<database>Unknown</database>
	</source>
	<size>
		<width>500</width>
		<height>330</height>
		<depth>1</depth>
	</size>
	<segmented>0</segmented>
	<object>
		<name>pear</name>
		<pose>Unspecified</pose>
		<truncated>0</truncated>
		<difficult>0</difficult>
		<bndbox>
			<xmin>15</xmin>
			<ymin>84</ymin>
			<xmax>265</xmax>
			<ymax>289</ymax>
		</bndbox>
	</object>
	<object>
		<name>pear</name>
		<pose>Unspecified</pose>
		<truncated>0</truncated>
		<difficult>0</difficult>
		<bndbox>
			<xmin>247</xmin>
			<ymin>56</ymin>
			<xmax>430</xmax>
			<ymax>280</ymax>
		</bndbox>
	</object>
</annotation>
