<annotation>
	<folder>train</folder>
	<filename>pear_0081.jpg</filename>
	<path>C:\FRUIT\train\pear_0081.jpg</path>
	<source>
		<database>Unknown</database>
	</source>
	<size>
		<width>375</width>
		<height>500</height>
		<depth>3</depth>
	</size>
	<segmented>0</segmented>
	<object>
		<name>pear</name>
		<pose>Unspecified</pose>
		<truncated>0</truncated>
		<difficult>0</difficult>
		<bndbox>
			<xmin>96</xmin>
			<ymin>205</ymin>
			<xmax>247</xmax>
			<ymax>392</ymax>
		</bndbox>
	</object>
	<object>
		<name>pear</name>
		<pose>Unspecified</pose>
		<truncated>0</truncated>
		<difficult>0</difficult>
		<bndbox>
			<xmin>106</xmin>
			<ymin>349</ymin>
			<xmax>254</xmax>
			<ymax>487</ymax>
		</bndbox>
	</object>
</annotation>
