<annotation>
	<folder>train</folder>
	<filename>pear_0053.jpg</filename>
	<path>C:\FRUIT\train\pear_0053.jpg</path>
	<source>
		<database>Unknown</database>
	</source>
	<size>
		<width>500</width>
		<height>210</height>
		<depth>3</depth>
	</size>
	<segmented>0</segmented>
	<object>
		<name>pear</name>
		<pose>Unspecified</pose>
		<truncated>0</truncated>
		<difficult>0</difficult>
		<bndbox>
			<xmin>15</xmin>
			<ymin>50</ymin>
			<xmax>138</xmax>
			<ymax>203</ymax>
		</bndbox>
	</object>
	<object>
		<name>pear</name>
		<pose>Unspecified</pose>
		<truncated>0</truncated>
		<difficult>0</difficult>
		<bndbox>
			<xmin>172</xmin>
			<ymin>90</ymin>
			<xmax>261</xmax>
			<ymax>198</ymax>
		</bndbox>
	</object>
	<object>
		<name>pear</name>
		<pose>Unspecified</pose>
		<truncated>1</truncated>
		<difficult>0</difficult>
		<bndbox>
			<xmin>333</xmin>
			<ymin>99</ymin>
			<xmax>436</xmax>
			<ymax>210</ymax>
		</bndbox>
	</object>
</annotation>
