<annotation>
	<folder>train</folder>
	<filename>pear_0034.jpg</filename>
	<path>C:\FRUIT\train\pear_0034.jpg</path>
	<source>
		<database>Unknown</database>
	</source>
	<size>
		<width>500</width>
		<height>375</height>
		<depth>3</depth>
	</size>
	<segmented>0</segmented>
	<object>
		<name>pear</name>
		<pose>Unspecified</pose>
		<truncated>0</truncated>
		<difficult>0</difficult>
		<bndbox>
			<xmin>134</xmin>
			<ymin>86</ymin>
			<xmax>314</xmax>
			<ymax>284</ymax>
		</bndbox>
	</object>
	<object>
		<name>pear</name>
		<pose>Unspecified</pose>
		<truncated>0</truncated>
		<difficult>0</difficult>
		<bndbox>
			<xmin>274</xmin>
			<ymin>4</ymin>
			<xmax>468</xmax>
			<ymax>112</ymax>
		</bndbox>
	</object>
	<object>
		<name>pear</name>
		<pose>Unspecified</pose>
		<truncated>1</truncated>
		<difficult>0</difficult>
		<bndbox>
			<xmin>11</xmin>
			<ymin>175</ymin>
			<xmax>207</xmax>
			<ymax>375</ymax>
		</bndbox>
	</object>
</annotation>
