<annotation>
	<folder>train</folder>
	<filename>pear_0146.jpg</filename>
	<path>C:\FRUIT\train\pear_0146.jpg</path>
	<source>
		<database>Unknown</database>
	</source>
	<size>
		<width>333</width>
		<height>500</height>
		<depth>3</depth>
	</size>
	<segmented>0</segmented>
	<object>
		<name>pear</name>
		<pose>Unspecified</pose>
		<truncated>0</truncated>
		<difficult>0</difficult>
		<bndbox>
			<xmin>149</xmin>
			<ymin>234</ymin>
			<xmax>198</xmax>
			<ymax>278</ymax>
		</bndbox>
	</object>
	<object>
		<name>pear</name>
		<pose>Unspecified</pose>
		<truncated>0</truncated>
		<difficult>0</difficult>
		<bndbox>
			<xmin>89</xmin>
			<ymin>291</ymin>
			<xmax>111</xmax>
			<ymax>329</ymax>
		</bndbox>
	</object>
</annotation>
