<annotation>
	<folder>train</folder>
	<filename>pear_0033.jpg</filename>
	<path>C:\FRUIT\train\pear_0033.jpg</path>
	<source>
		<database>Unknown</database>
	</source>
	<size>
		<width>500</width>
		<height>375</height>
		<depth>3</depth>
	</size>
	<segmented>0</segmented>
	<object>
		<name>pear</name>
		<pose>Unspecified</pose>
		<truncated>0</truncated>
		<difficult>0</difficult>
		<bndbox>
			<xmin>95</xmin>
			<ymin>12</ymin>
			<xmax>225</xmax>
			<ymax>150</ymax>
		</bndbox>
	</object>
	<object>
		<name>pear</name>
		<pose>Unspecified</pose>
		<truncated>0</truncated>
		<difficult>0</difficult>
		<bndbox>
			<xmin>238</xmin>
			<ymin>9</ymin>
			<xmax>371</xmax>
			<ymax>103</ymax>
		</bndbox>
	</object>
</annotation>
