<annotation>
	<folder>train</folder>
	<filename>pear_0005.jpg</filename>
	<path>C:\FRUIT\train\pear_0005.jpg</path>
	<source>
		<database>Unknown</database>
	</source>
	<size>
		<width>397</width>
		<height>500</height>
		<depth>3</depth>
	</size>
	<segmented>0</segmented>
	<object>
		<name>pear</name>
		<pose>Unspecified</pose>
		<truncated>0</truncated>
		<difficult>0</difficult>
		<bndbox>
			<xmin>52</xmin>
			<ymin>92</ymin>
			<xmax>347</xmax>
			<ymax>428</ymax>
		</bndbox>
	</object>
</annotation>
