<annotation>
	<folder>train</folder>
	<filename>pear_0064.jpg</filename>
	<path>C:\FRUIT\train\pear_0064.jpg</path>
	<source>
		<database>Unknown</database>
	</source>
	<size>
		<width>500</width>
		<height>357</height>
		<depth>3</depth>
	</size>
	<segmented>0</segmented>
	<object>
		<name>pear</name>
		<pose>Unspecified</pose>
		<truncated>0</truncated>
		<difficult>0</difficult>
		<bndbox>
			<xmin>239</xmin>
			<ymin>144</ymin>
			<xmax>327</xmax>
			<ymax>248</ymax>
		</bndbox>
	</object>
	<object>
		<name>pear</name>
		<pose>Unspecified</pose>
		<truncated>0</truncated>
		<difficult>0</difficult>
		<bndbox>
			<xmin>373</xmin>
			<ymin>143</ymin>
			<xmax>462</xmax>
			<ymax>259</ymax>
		</bndbox>
	</object>
</annotation>
