<annotation>
	<folder>train</folder>
	<filename>pear_0032.jpg</filename>
	<path>C:\FRUIT\train\pear_0032.jpg</path>
	<source>
		<database>Unknown</database>
	</source>
	<size>
		<width>500</width>
		<height>333</height>
		<depth>3</depth>
	</size>
	<segmented>0</segmented>
	<object>
		<name>pear</name>
		<pose>Unspecified</pose>
		<truncated>0</truncated>
		<difficult>0</difficult>
		<bndbox>
			<xmin>82</xmin>
			<ymin>163</ymin>
			<xmax>213</xmax>
			<ymax>265</ymax>
		</bndbox>
	</object>
	<object>
		<name>pear</name>
		<pose>Unspecified</pose>
		<truncated>0</truncated>
		<difficult>0</difficult>
		<bndbox>
			<xmin>200</xmin>
			<ymin>135</ymin>
			<xmax>304</xmax>
			<ymax>236</ymax>
		</bndbox>
	</object>
</annotation>
