<annotation>
	<folder>train</folder>
	<filename>pear_0138.jpg</filename>
	<path>C:\FRUIT\train\pear_0138.jpg</path>
	<source>
		<database>Unknown</database>
	</source>
	<size>
		<width>500</width>
		<height>374</height>
		<depth>3</depth>
	</size>
	<segmented>0</segmented>
	<object>
		<name>pear</name>
		<pose>Unspecified</pose>
		<truncated>1</truncated>
		<difficult>0</difficult>
		<bndbox>
			<xmin>45</xmin>
			<ymin>79</ymin>
			<xmax>403</xmax>
			<ymax>374</ymax>
		</bndbox>
	</object>
</annotation>
