<annotation>
	<folder>train</folder>
	<filename>pear_0151.jpg</filename>
	<path>C:\FRUIT\train\pear_0151.jpg</path>
	<source>
		<database>Unknown</database>
	</source>
	<size>
		<width>390</width>
		<height>500</height>
		<depth>3</depth>
	</size>
	<segmented>0</segmented>
	<object>
		<name>pear</name>
		<pose>Unspecified</pose>
		<truncated>0</truncated>
		<difficult>0</difficult>
		<bndbox>
			<xmin>79</xmin>
			<ymin>215</ymin>
			<xmax>302</xmax>
			<ymax>443</ymax>
		</bndbox>
	</object>
</annotation>
