<annotation>
	<folder>train</folder>
	<filename>pear_0011.jpg</filename>
	<path>C:\FRUIT\train\pear_0011.jpg</path>
	<source>
		<database>Unknown</database>
	</source>
	<size>
		<width>500</width>
		<height>375</height>
		<depth>3</depth>
	</size>
	<segmented>0</segmented>
	<object>
		<name>pear</name>
		<pose>Unspecified</pose>
		<truncated>0</truncated>
		<difficult>0</difficult>
		<bndbox>
			<xmin>83</xmin>
			<ymin>20</ymin>
			<xmax>340</xmax>
			<ymax>190</ymax>
		</bndbox>
	</object>
</annotation>
