<annotation>
	<folder>train</folder>
	<filename>pear_0084.jpg</filename>
	<path>C:\FRUIT\train\pear_0084.jpg</path>
	<source>
		<database>Unknown</database>
	</source>
	<size>
		<width>375</width>
		<height>500</height>
		<depth>3</depth>
	</size>
	<segmented>0</segmented>
	<object>
		<name>pear</name>
		<pose>Unspecified</pose>
		<truncated>0</truncated>
		<difficult>0</difficult>
		<bndbox>
			<xmin>98</xmin>
			<ymin>221</ymin>
			<xmax>278</xmax>
			<ymax>373</ymax>
		</bndbox>
	</object>
</annotation>
