<annotation>
	<folder>train</folder>
	<filename>pear_0016.jpg</filename>
	<path>C:\FRUIT\train\pear_0016.jpg</path>
	<source>
		<database>Unknown</database>
	</source>
	<size>
		<width>500</width>
		<height>333</height>
		<depth>3</depth>
	</size>
	<segmented>0</segmented>
	<object>
		<name>pear</name>
		<pose>Unspecified</pose>
		<truncated>1</truncated>
		<difficult>0</difficult>
		<bndbox>
			<xmin>26</xmin>
			<ymin>162</ymin>
			<xmax>270</xmax>
			<ymax>333</ymax>
		</bndbox>
	</object>
	<object>
		<name>pear</name>
		<pose>Unspecified</pose>
		<truncated>0</truncated>
		<difficult>0</difficult>
		<bndbox>
			<xmin>233</xmin>
			<ymin>116</ymin>
			<xmax>387</xmax>
			<ymax>254</ymax>
		</bndbox>
	</object>
	<object>
		<name>pear</name>
		<pose>Unspecified</pose>
		<truncated>1</truncated>
		<difficult>0</difficult>
		<bndbox>
			<xmin>290</xmin>
			<ymin>143</ymin>
			<xmax>492</xmax>
			<ymax>333</ymax>
		</bndbox>
	</object>
</annotation>
