<annotation>
	<folder>train</folder>
	<filename>pear_0026.jpg</filename>
	<path>C:\FRUIT\train\pear_0026.jpg</path>
	<source>
		<database>Unknown</database>
	</source>
	<size>
		<width>500</width>
		<height>375</height>
		<depth>3</depth>
	</size>
	<segmented>0</segmented>
	<object>
		<name>pear</name>
		<pose>Unspecified</pose>
		<truncated>0</truncated>
		<difficult>0</difficult>
		<bndbox>
			<xmin>98</xmin>
			<ymin>21</ymin>
			<xmax>269</xmax>
			<ymax>190</ymax>
		</bndbox>
	</object>
	<object>
		<name>pear</name>
		<pose>Unspecified</pose>
		<truncated>0</truncated>
		<difficult>0</difficult>
		<bndbox>
			<xmin>330</xmin>
			<ymin>148</ymin>
			<xmax>487</xmax>
			<ymax>324</ymax>
		</bndbox>
	</object>
</annotation>
