<annotation>
	<folder>train</folder>
	<filename>pear_0100.jpg</filename>
	<path>C:\FRUIT\train\pear_0100.jpg</path>
	<source>
		<database>Unknown</database>
	</source>
	<size>
		<width>500</width>
		<height>312</height>
		<depth>3</depth>
	</size>
	<segmented>0</segmented>
	<object>
		<name>pear</name>
		<pose>Unspecified</pose>
		<truncated>0</truncated>
		<difficult>0</difficult>
		<bndbox>
			<xmin>263</xmin>
			<ymin>40</ymin>
			<xmax>424</xmax>
			<ymax>273</ymax>
		</bndbox>
	</object>
</annotation>
