<annotation>
	<folder>train</folder>
	<filename>pear_0060.jpg</filename>
	<path>C:\FRUIT\train\pear_0060.jpg</path>
	<source>
		<database>Unknown</database>
	</source>
	<size>
		<width>500</width>
		<height>313</height>
		<depth>3</depth>
	</size>
	<segmented>0</segmented>
	<object>
		<name>pear</name>
		<pose>Unspecified</pose>
		<truncated>0</truncated>
		<difficult>0</difficult>
		<bndbox>
			<xmin>21</xmin>
			<ymin>37</ymin>
			<xmax>216</xmax>
			<ymax>283</ymax>
		</bndbox>
	</object>
	<object>
		<name>pear</name>
		<pose>Unspecified</pose>
		<truncated>0</truncated>
		<difficult>0</difficult>
		<bndbox>
			<xmin>226</xmin>
			<ymin>20</ymin>
			<xmax>394</xmax>
			<ymax>308</ymax>
		</bndbox>
	</object>
	<object>
		<name>pear</name>
		<pose>Unspecified</pose>
		<truncated>1</truncated>
		<difficult>0</difficult>
		<bndbox>
			<xmin>372</xmin>
			<ymin>65</ymin>
			<xmax>500</xmax>
			<ymax>299</ymax>
		</bndbox>
	</object>
</annotation>
