<annotation>
	<folder>train</folder>
	<filename>pear_0002.jpg</filename>
	<path>C:\FRUIT\train\pear_0002.jpg</path>
	<source>
		<database>Unknown</database>
	</source>
	<size>
		<width>400</width>
		<height>322</height>
		<depth>3</depth>
	</size>
	<segmented>0</segmented>
	<object>
		<name>pear</name>
		<pose>Unspecified</pose>
		<truncated>0</truncated>
		<difficult>0</difficult>
		<bndbox>
			<xmin>35</xmin>
			<ymin>27</ymin>
			<xmax>206</xmax>
			<ymax>283</ymax>
		</bndbox>
	</object>
	<object>
		<name>pear</name>
		<pose>Unspecified</pose>
		<truncated>0</truncated>
		<difficult>0</difficult>
		<bndbox>
			<xmin>146</xmin>
			<ymin>14</ymin>
			<xmax>311</xmax>
			<ymax>183</ymax>
		</bndbox>
	</object>
</annotation>
