<annotation>
	<folder>train</folder>
	<filename>pear_0116.jpg</filename>
	<path>C:\FRUIT\train\pear_0116.jpg</path>
	<source>
		<database>Unknown</database>
	</source>
	<size>
		<width>500</width>
		<height>333</height>
		<depth>3</depth>
	</size>
	<segmented>0</segmented>
	<object>
		<name>pear</name>
		<pose>Unspecified</pose>
		<truncated>0</truncated>
		<difficult>0</difficult>
		<bndbox>
			<xmin>138</xmin>
			<ymin>159</ymin>
			<xmax>213</xmax>
			<ymax>246</ymax>
		</bndbox>
	</object>
	<object>
		<name>pear</name>
		<pose>Unspecified</pose>
		<truncated>0</truncated>
		<difficult>0</difficult>
		<bndbox>
			<xmin>196</xmin>
			<ymin>133</ymin>
			<xmax>268</xmax>
			<ymax>196</ymax>
		</bndbox>
	</object>
</annotation>
