<annotation>
	<folder>train</folder>
	<filename>pear_0091.jpg</filename>
	<path>C:\FRUIT\train\pear_0091.jpg</path>
	<source>
		<database>Unknown</database>
	</source>
	<size>
		<width>500</width>
		<height>382</height>
		<depth>3</depth>
	</size>
	<segmented>0</segmented>
	<object>
		<name>pear</name>
		<pose>Unspecified</pose>
		<truncated>0</truncated>
		<difficult>0</difficult>
		<bndbox>
			<xmin>169</xmin>
			<ymin>122</ymin>
			<xmax>332</xmax>
			<ymax>321</ymax>
		</bndbox>
	</object>
	<object>
		<name>pear</name>
		<pose>Unspecified</pose>
		<truncated>0</truncated>
		<difficult>0</difficult>
		<bndbox>
			<xmin>287</xmin>
			<ymin>69</ymin>
			<xmax>402</xmax>
			<ymax>238</ymax>
		</bndbox>
	</object>
</annotation>
