<annotation>
	<folder>train</folder>
	<filename>pear_0105.jpg</filename>
	<path>C:\FRUIT\train\pear_0105.jpg</path>
	<source>
		<database>Unknown</database>
	</source>
	<size>
		<width>500</width>
		<height>375</height>
		<depth>3</depth>
	</size>
	<segmented>0</segmented>
	<object>
		<name>pear</name>
		<pose>Unspecified</pose>
		<truncated>0</truncated>
		<difficult>0</difficult>
		<bndbox>
			<xmin>131</xmin>
			<ymin>45</ymin>
			<xmax>425</xmax>
			<ymax>359</ymax>
		</bndbox>
	</object>
	<object>
		<name>pear</name>
		<pose>Unspecified</pose>
		<truncated>0</truncated>
		<difficult>0</difficult>
		<bndbox>
			<xmin>4</xmin>
			<ymin>15</ymin>
			<xmax>143</xmax>
			<ymax>232</ymax>
		</bndbox>
	</object>
</annotation>
