<annotation>
	<folder>train</folder>
	<filename>pear_0077.jpg</filename>
	<path>C:\FRUIT\train\pear_0077.jpg</path>
	<source>
		<database>Unknown</database>
	</source>
	<size>
		<width>375</width>
		<height>500</height>
		<depth>3</depth>
	</size>
	<segmented>0</segmented>
	<object>
		<name>pear</name>
		<pose>Unspecified</pose>
		<truncated>0</truncated>
		<difficult>0</difficult>
		<bndbox>
			<xmin>115</xmin>
			<ymin>179</ymin>
			<xmax>214</xmax>
			<ymax>349</ymax>
		</bndbox>
	</object>
	<object>
		<name>pear</name>
		<pose>Unspecified</pose>
		<truncated>0</truncated>
		<difficult>0</difficult>
		<bndbox>
			<xmin>215</xmin>
			<ymin>201</ymin>
			<xmax>307</xmax>
			<ymax>372</ymax>
		</bndbox>
	</object>
</annotation>
