<annotation>
	<folder>train</folder>
	<filename>pear_0061.jpg</filename>
	<path>C:\FRUIT\train\pear_0061.jpg</path>
	<source>
		<database>Unknown</database>
	</source>
	<size>
		<width>500</width>
		<height>333</height>
		<depth>3</depth>
	</size>
	<segmented>0</segmented>
	<object>
		<name>pear</name>
		<pose>Unspecified</pose>
		<truncated>0</truncated>
		<difficult>0</difficult>
		<bndbox>
			<xmin>24</xmin>
			<ymin>42</ymin>
			<xmax>192</xmax>
			<ymax>287</ymax>
		</bndbox>
	</object>
	<object>
		<name>pear</name>
		<pose>Unspecified</pose>
		<truncated>0</truncated>
		<difficult>0</difficult>
		<bndbox>
			<xmin>203</xmin>
			<ymin>28</ymin>
			<xmax>394</xmax>
			<ymax>309</ymax>
		</bndbox>
	</object>
</annotation>
