<annotation>
	<folder>train</folder>
	<filename>pear_0085.jpg</filename>
	<path>C:\FRUIT\train\pear_0085.jpg</path>
	<source>
		<database>Unknown</database>
	</source>
	<size>
		<width>375</width>
		<height>500</height>
		<depth>3</depth>
	</size>
	<segmented>0</segmented>
	<object>
		<name>pear</name>
		<pose>Unspecified</pose>
		<truncated>0</truncated>
		<difficult>0</difficult>
		<bndbox>
			<xmin>18</xmin>
			<ymin>107</ymin>
			<xmax>271</xmax>
			<ymax>302</ymax>
		</bndbox>
	</object>
	<object>
		<name>pear</name>
		<pose>Unspecified</pose>
		<truncated>0</truncated>
		<difficult>0</difficult>
		<bndbox>
			<xmin>114</xmin>
			<ymin>261</ymin>
			<xmax>368</xmax>
			<ymax>498</ymax>
		</bndbox>
	</object>
</annotation>
