<annotation>
	<folder>train</folder>
	<filename>pear_0069.jpg</filename>
	<path>C:\FRUIT\train\pear_0069.jpg</path>
	<source>
		<database>Unknown</database>
	</source>
	<size>
		<width>500</width>
		<height>379</height>
		<depth>3</depth>
	</size>
	<segmented>0</segmented>
	<object>
		<name>pear</name>
		<pose>Unspecified</pose>
		<truncated>0</truncated>
		<difficult>0</difficult>
		<bndbox>
			<xmin>87</xmin>
			<ymin>63</ymin>
			<xmax>270</xmax>
			<ymax>263</ymax>
		</bndbox>
	</object>
	<object>
		<name>pear</name>
		<pose>Unspecified</pose>
		<truncated>0</truncated>
		<difficult>0</difficult>
		<bndbox>
			<xmin>234</xmin>
			<ymin>176</ymin>
			<xmax>460</xmax>
			<ymax>355</ymax>
		</bndbox>
	</object>
</annotation>
