<annotation>
	<folder>train</folder>
	<filename>pear_0012.jpg</filename>
	<path>C:\FRUIT\train\pear_0012.jpg</path>
	<source>
		<database>Unknown</database>
	</source>
	<size>
		<width>340</width>
		<height>454</height>
		<depth>3</depth>
	</size>
	<segmented>0</segmented>
	<object>
		<name>pear</name>
		<pose>Unspecified</pose>
		<truncated>0</truncated>
		<difficult>0</difficult>
		<bndbox>
			<xmin>41</xmin>
			<ymin>60</ymin>
			<xmax>320</xmax>
			<ymax>449</ymax>
		</bndbox>
	</object>
</annotation>
