<annotation>
	<folder>train</folder>
	<filename>pear_0118.jpg</filename>
	<path>C:\FRUIT\train\pear_0118.jpg</path>
	<source>
		<database>Unknown</database>
	</source>
	<size>
		<width>500</width>
		<height>375</height>
		<depth>3</depth>
	</size>
	<segmented>0</segmented>
	<object>
		<name>pear</name>
		<pose>Unspecified</pose>
		<truncated>0</truncated>
		<difficult>0</difficult>
		<bndbox>
			<xmin>302</xmin>
			<ymin>145</ymin>
			<xmax>439</xmax>
			<ymax>307</ymax>
		</bndbox>
	</object>
	<object>
		<name>pear</name>
		<pose>Unspecified</pose>
		<truncated>0</truncated>
		<difficult>0</difficult>
		<bndbox>
			<xmin>175</xmin>
			<ymin>122</ymin>
			<xmax>303</xmax>
			<ymax>265</ymax>
		</bndbox>
	</object>
</annotation>
