<annotation>
	<folder>train</folder>
	<filename>orange_0102.jpg</filename>
	<path>C:\FRUIT\train\orange_0102.jpg</path>
	<source>
		<database>Unknown</database>
	</source>
	<size>
		<width>500</width>
		<height>375</height>
		<depth>3</depth>
	</size>
	<segmented>0</segmented>
	<object>
		<name>orange</name>
		<pose>Unspecified</pose>
		<truncated>1</truncated>
		<difficult>0</difficult>
		<bndbox>
			<xmin>17</xmin>
			<ymin>131</ymin>
			<xmax>243</xmax>
			<ymax>375</ymax>
		</bndbox>
	</object>
	<object>
		<name>orange</name>
		<pose>Unspecified</pose>
		<truncated>1</truncated>
		<difficult>0</difficult>
		<bndbox>
			<xmin>434</xmin>
			<ymin>67</ymin>
			<xmax>500</xmax>
			<ymax>230</ymax>
		</bndbox>
	</object>
</annotation>
