<annotation>
	<folder>train</folder>
	<filename>orange_0070.jpg</filename>
	<path>C:\FRUIT\train\orange_0070.jpg</path>
	<source>
		<database>Unknown</database>
	</source>
	<size>
		<width>317</width>
		<height>500</height>
		<depth>3</depth>
	</size>
	<segmented>0</segmented>
	<object>
		<name>orange</name>
		<pose>Unspecified</pose>
		<truncated>0</truncated>
		<difficult>0</difficult>
		<bndbox>
			<xmin>40</xmin>
			<ymin>262</ymin>
			<xmax>313</xmax>
			<ymax>488</ymax>
		</bndbox>
	</object>
</annotation>
