<annotation>
	<folder>train</folder>
	<filename>orange_0085.jpg</filename>
	<path>C:\FRUIT\train\orange_0085.jpg</path>
	<source>
		<database>Unknown</database>
	</source>
	<size>
		<width>500</width>
		<height>375</height>
		<depth>3</depth>
	</size>
	<segmented>0</segmented>
	<object>
		<name>orange</name>
		<pose>Unspecified</pose>
		<truncated>0</truncated>
		<difficult>0</difficult>
		<bndbox>
			<xmin>215</xmin>
			<ymin>136</ymin>
			<xmax>412</xmax>
			<ymax>313</ymax>
		</bndbox>
	</object>
	<object>
		<name>banana</name>
		<pose>Unspecified</pose>
		<truncated>0</truncated>
		<difficult>0</difficult>
		<bndbox>
			<xmin>62</xmin>
			<ymin>31</ymin>
			<xmax>429</xmax>
			<ymax>214</ymax>
		</bndbox>
	</object>
</annotation>
