<annotation>
	<folder>train</folder>
	<filename>orange_0017.jpg</filename>
	<path>C:\FRUIT\train\orange_0017.jpg</path>
	<source>
		<database>Unknown</database>
	</source>
	<size>
		<width>500</width>
		<height>479</height>
		<depth>3</depth>
	</size>
	<segmented>0</segmented>
	<object>
		<name>orange</name>
		<pose>Unspecified</pose>
		<truncated>0</truncated>
		<difficult>0</difficult>
		<bndbox>
			<xmin>38</xmin>
			<ymin>19</ymin>
			<xmax>486</xmax>
			<ymax>468</ymax>
		</bndbox>
	</object>
</annotation>
