<annotation>
	<folder>train</folder>
	<filename>orange_0010.jpg</filename>
	<path>C:\FRUIT\train\orange_0010.jpg</path>
	<source>
		<database>Unknown</database>
	</source>
	<size>
		<width>500</width>
		<height>375</height>
		<depth>3</depth>
	</size>
	<segmented>0</segmented>
	<object>
		<name>orange</name>
		<pose>Unspecified</pose>
		<truncated>0</truncated>
		<difficult>0</difficult>
		<bndbox>
			<xmin>48</xmin>
			<ymin>76</ymin>
			<xmax>191</xmax>
			<ymax>215</ymax>
		</bndbox>
	</object>
	<object>
		<name>orange</name>
		<pose>Unspecified</pose>
		<truncated>0</truncated>
		<difficult>0</difficult>
		<bndbox>
			<xmin>321</xmin>
			<ymin>130</ymin>
			<xmax>483</xmax>
			<ymax>299</ymax>
		</bndbox>
	</object>
	<object>
		<name>orange</name>
		<pose>Unspecified</pose>
		<truncated>0</truncated>
		<difficult>0</difficult>
		<bndbox>
			<xmin>213</xmin>
			<ymin>168</ymin>
			<xmax>319</xmax>
			<ymax>272</ymax>
		</bndbox>
	</object>
</annotation>
