<annotation>
	<folder>train</folder>
	<filename>orange_0086.jpg</filename>
	<path>C:\FRUIT\train\orange_0086.jpg</path>
	<source>
		<database>Unknown</database>
	</source>
	<size>
		<width>500</width>
		<height>362</height>
		<depth>3</depth>
	</size>
	<segmented>0</segmented>
	<object>
		<name>orange</name>
		<pose>Unspecified</pose>
		<truncated>0</truncated>
		<difficult>0</difficult>
		<bndbox>
			<xmin>34</xmin>
			<ymin>36</ymin>
			<xmax>262</xmax>
			<ymax>294</ymax>
		</bndbox>
	</object>
	<object>
		<name>apple</name>
		<pose>Unspecified</pose>
		<truncated>0</truncated>
		<difficult>0</difficult>
		<bndbox>
			<xmin>263</xmin>
			<ymin>19</ymin>
			<xmax>478</xmax>
			<ymax>298</ymax>
		</bndbox>
	</object>
</annotation>
