<annotation>
	<folder>train</folder>
	<filename>orange_0079.jpg</filename>
	<path>C:\FRUIT\train\orange_0079.jpg</path>
	<source>
		<database>Unknown</database>
	</source>
	<size>
		<width>500</width>
		<height>462</height>
		<depth>3</depth>
	</size>
	<segmented>0</segmented>
	<object>
		<name>orange</name>
		<pose>Unspecified</pose>
		<truncated>0</truncated>
		<difficult>0</difficult>
		<bndbox>
			<xmin>39</xmin>
			<ymin>34</ymin>
			<xmax>478</xmax>
			<ymax>445</ymax>
		</bndbox>
	</object>
</annotation>
