<annotation>
	<folder>train</folder>
	<filename>orange_0075.jpg</filename>
	<path>C:\FRUIT\train\orange_0075.jpg</path>
	<source>
		<database>Unknown</database>
	</source>
	<size>
		<width>375</width>
		<height>500</height>
		<depth>3</depth>
	</size>
	<segmented>0</segmented>
	<object>
		<name>orange</name>
		<pose>Unspecified</pose>
		<truncated>0</truncated>
		<difficult>0</difficult>
		<bndbox>
			<xmin>133</xmin>
			<ymin>167</ymin>
			<xmax>359</xmax>
			<ymax>373</ymax>
		</bndbox>
	</object>
</annotation>
