<annotation>
	<folder>train</folder>
	<filename>orange_0066.jpg</filename>
	<path>C:\FRUIT\train\orange_0066.jpg</path>
	<source>
		<database>Unknown</database>
	</source>
	<size>
		<width>500</width>
		<height>364</height>
		<depth>3</depth>
	</size>
	<segmented>0</segmented>
	<object>
		<name>orange</name>
		<pose>Unspecified</pose>
		<truncated>0</truncated>
		<difficult>0</difficult>
		<bndbox>
			<xmin>93</xmin>
			<ymin>187</ymin>
			<xmax>244</xmax>
			<ymax>314</ymax>
		</bndbox>
	</object>
	<object>
		<name>orange</name>
		<pose>Unspecified</pose>
		<truncated>0</truncated>
		<difficult>0</difficult>
		<bndbox>
			<xmin>181</xmin>
			<ymin>99</ymin>
			<xmax>299</xmax>
			<ymax>214</ymax>
		</bndbox>
	</object>
	<object>
		<name>banana</name>
		<pose>Unspecified</pose>
		<truncated>0</truncated>
		<difficult>0</difficult>
		<bndbox>
			<xmin>191</xmin>
			<ymin>29</ymin>
			<xmax>411</xmax>
			<ymax>212</ymax>
		</bndbox>
	</object>
</annotation>
