<annotation>
	<folder>train</folder>
	<filename>orange_0043.jpg</filename>
	<path>C:\FRUIT\train\orange_0043.jpg</path>
	<source>
		<database>Unknown</database>
	</source>
	<size>
		<width>333</width>
		<height>500</height>
		<depth>3</depth>
	</size>
	<segmented>0</segmented>
	<object>
		<name>orange</name>
		<pose>Unspecified</pose>
		<truncated>0</truncated>
		<difficult>0</difficult>
		<bndbox>
			<xmin>153</xmin>
			<ymin>318</ymin>
			<xmax>307</xmax>
			<ymax>475</ymax>
		</bndbox>
	</object>
	<object>
		<name>lemon</name>
		<pose>Unspecified</pose>
		<truncated>0</truncated>
		<difficult>0</difficult>
		<bndbox>
			<xmin>36</xmin>
			<ymin>315</ymin>
			<xmax>152</xmax>
			<ymax>475</ymax>
		</bndbox>
	</object>
</annotation>
