<annotation>
	<folder>train</folder>
	<filename>orange_0081.jpg</filename>
	<path>C:\FRUIT\train\orange_0081.jpg</path>
	<source>
		<database>Unknown</database>
	</source>
	<size>
		<width>391</width>
		<height>500</height>
		<depth>3</depth>
	</size>
	<segmented>0</segmented>
	<object>
		<name>orange</name>
		<pose>Unspecified</pose>
		<truncated>0</truncated>
		<difficult>0</difficult>
		<bndbox>
			<xmin>22</xmin>
			<ymin>197</ymin>
			<xmax>310</xmax>
			<ymax>487</ymax>
		</bndbox>
	</object>
	<object>
		<name>orange</name>
		<pose>Unspecified</pose>
		<truncated>0</truncated>
		<difficult>0</difficult>
		<bndbox>
			<xmin>233</xmin>
			<ymin>179</ymin>
			<xmax>384</xmax>
			<ymax>338</ymax>
		</bndbox>
	</object>
</annotation>
