<annotation>
	<folder>train</folder>
	<filename>orange_0077.jpg</filename>
	<path>C:\FRUIT\train\orange_0077.jpg</path>
	<source>
		<database>Unknown</database>
	</source>
	<size>
		<width>500</width>
		<height>375</height>
		<depth>3</depth>
	</size>
	<segmented>0</segmented>
	<object>
		<name>orange</name>
		<pose>Unspecified</pose>
		<truncated>1</truncated>
		<difficult>0</difficult>
		<bndbox>
			<xmin>11</xmin>
			<ymin>172</ymin>
			<xmax>223</xmax>
			<ymax>375</ymax>
		</bndbox>
	</object>
	<object>
		<name>orange</name>
		<pose>Unspecified</pose>
		<truncated>1</truncated>
		<difficult>0</difficult>
		<bndbox>
			<xmin>193</xmin>
			<ymin>212</ymin>
			<xmax>500</xmax>
			<ymax>370</ymax>
		</bndbox>
	</object>
</annotation>
