<annotation>
	<folder>train</folder>
	<filename>orange_0020.jpg</filename>
	<path>C:\FRUIT\train\orange_0020.jpg</path>
	<source>
		<database>Unknown</database>
	</source>
	<size>
		<width>500</width>
		<height>333</height>
		<depth>3</depth>
	</size>
	<segmented>0</segmented>
	<object>
		<name>orange</name>
		<pose>Unspecified</pose>
		<truncated>0</truncated>
		<difficult>0</difficult>
		<bndbox>
			<xmin>137</xmin>
			<ymin>5</ymin>
			<xmax>324</xmax>
			<ymax>137</ymax>
		</bndbox>
	</object>
	<object>
		<name>orange</name>
		<pose>Unspecified</pose>
		<truncated>0</truncated>
		<difficult>0</difficult>
		<bndbox>
			<xmin>174</xmin>
			<ymin>134</ymin>
			<xmax>338</xmax>
			<ymax>318</ymax>
		</bndbox>
	</object>
	<object>
		<name>orange</name>
		<pose>Unspecified</pose>
		<truncated>0</truncated>
		<difficult>0</difficult>
		<bndbox>
			<xmin>17</xmin>
			<ymin>117</ymin>
			<xmax>179</xmax>
			<ymax>287</ymax>
		</bndbox>
	</object>
</annotation>
