<annotation>
	<folder>train</folder>
	<filename>orange_0024.jpg</filename>
	<path>C:\FRUIT\train\orange_0024.jpg</path>
	<source>
		<database>Unknown</database>
	</source>
	<size>
		<width>500</width>
		<height>375</height>
		<depth>3</depth>
	</size>
	<segmented>0</segmented>
	<object>
		<name>orange</name>
		<pose>Unspecified</pose>
		<truncated>0</truncated>
		<difficult>0</difficult>
		<bndbox>
			<xmin>6</xmin>
			<ymin>10</ymin>
			<xmax>282</xmax>
			<ymax>277</ymax>
		</bndbox>
	</object>
	<object>
		<name>orange</name>
		<pose>Unspecified</pose>
		<truncated>1</truncated>
		<difficult>0</difficult>
		<bndbox>
			<xmin>261</xmin>
			<ymin>114</ymin>
			<xmax>497</xmax>
			<ymax>375</ymax>
		</bndbox>
	</object>
	<object>
		<name>orange</name>
		<pose>Unspecified</pose>
		<truncated>0</truncated>
		<difficult>0</difficult>
		<bndbox>
			<xmin>160</xmin>
			<ymin>2</ymin>
			<xmax>472</xmax>
			<ymax>160</ymax>
		</bndbox>
	</object>
</annotation>
