<annotation>
	<folder>train</folder>
	<filename>orange_0006.jpg</filename>
	<path>C:\FRUIT\train\orange_0006.jpg</path>
	<source>
		<database>Unknown</database>
	</source>
	<size>
		<width>375</width>
		<height>500</height>
		<depth>3</depth>
	</size>
	<segmented>0</segmented>
	<object>
		<name>orange</name>
		<pose>Unspecified</pose>
		<truncated>0</truncated>
		<difficult>0</difficult>
		<bndbox>
			<xmin>117</xmin>
			<ymin>71</ymin>
			<xmax>351</xmax>
			<ymax>244</ymax>
		</bndbox>
	</object>
	<object>
		<name>orange</name>
		<pose>Unspecified</pose>
		<truncated>0</truncated>
		<difficult>0</difficult>
		<bndbox>
			<xmin>24</xmin>
			<ymin>196</ymin>
			<xmax>293</xmax>
			<ymax>456</ymax>
		</bndbox>
	</object>
</annotation>
