<annotation>
	<folder>train</folder>
	<filename>orange_0001.jpg</filename>
	<path>C:\FRUIT\train\orange_0001.jpg</path>
	<source>
		<database>Unknown</database>
	</source>
	<size>
		<width>500</width>
		<height>375</height>
		<depth>3</depth>
	</size>
	<segmented>0</segmented>
	<object>
		<name>lemon</name>
		<pose>Unspecified</pose>
		<truncated>1</truncated>
		<difficult>0</difficult>
		<bndbox>
			<xmin>11</xmin>
			<ymin>289</ymin>
			<xmax>174</xmax>
			<ymax>375</ymax>
		</bndbox>
	</object>
	<object>
		<name>lemon</name>
		<pose>Unspecified</pose>
		<truncated>0</truncated>
		<difficult>0</difficult>
		<bndbox>
			<xmin>38</xmin>
			<ymin>172</ymin>
			<xmax>164</xmax>
			<ymax>293</ymax>
		</bndbox>
	</object>
	<object>
		<name>orange</name>
		<pose>Unspecified</pose>
		<truncated>1</truncated>
		<difficult>0</difficult>
		<bndbox>
			<xmin>188</xmin>
			<ymin>19</ymin>
			<xmax>500</xmax>
			<ymax>356</ymax>
		</bndbox>
	</object>
</annotation>
