<annotation>
	<folder>train</folder>
	<filename>orange_0009.jpg</filename>
	<path>C:\FRUIT\train\orange_0009.jpg</path>
	<source>
		<database>Unknown</database>
	</source>
	<size>
		<width>400</width>
		<height>500</height>
		<depth>3</depth>
	</size>
	<segmented>0</segmented>
	<object>
		<name>orange</name>
		<pose>Unspecified</pose>
		<truncated>0</truncated>
		<difficult>0</difficult>
		<bndbox>
			<xmin>32</xmin>
			<ymin>8</ymin>
			<xmax>346</xmax>
			<ymax>353</ymax>
		</bndbox>
	</object>
</annotation>
