<annotation>
	<folder>train</folder>
	<filename>orange_0141.jpg</filename>
	<path>C:\FRUIT\train\orange_0141.jpg</path>
	<source>
		<database>Unknown</database>
	</source>
	<size>
		<width>375</width>
		<height>500</height>
		<depth>3</depth>
	</size>
	<segmented>0</segmented>
	<object>
		<name>orange</name>
		<pose>Unspecified</pose>
		<truncated>1</truncated>
		<difficult>0</difficult>
		<bndbox>
			<xmin>11</xmin>
			<ymin>170</ymin>
			<xmax>148</xmax>
			<ymax>500</ymax>
		</bndbox>
	</object>
	<object>
		<name>orange</name>
		<pose>Unspecified</pose>
		<truncated>1</truncated>
		<difficult>0</difficult>
		<bndbox>
			<xmin>168</xmin>
			<ymin>2</ymin>
			<xmax>375</xmax>
			<ymax>342</ymax>
		</bndbox>
	</object>
</annotation>
