<annotation>
	<folder>train</folder>
	<filename>orange_0093.jpg</filename>
	<path>C:\FRUIT\train\orange_0093.jpg</path>
	<source>
		<database>Unknown</database>
	</source>
	<size>
		<width>267</width>
		<height>400</height>
		<depth>3</depth>
	</size>
	<segmented>0</segmented>
	<object>
		<name>orange</name>
		<pose>Unspecified</pose>
		<truncated>0</truncated>
		<difficult>0</difficult>
		<bndbox>
			<xmin>127</xmin>
			<ymin>229</ymin>
			<xmax>207</xmax>
			<ymax>310</ymax>
		</bndbox>
	</object>
	<object>
		<name>orange</name>
		<pose>Unspecified</pose>
		<truncated>0</truncated>
		<difficult>0</difficult>
		<bndbox>
			<xmin>145</xmin>
			<ymin>187</ymin>
			<xmax>214</xmax>
			<ymax>231</ymax>
		</bndbox>
	</object>
	<object>
		<name>orange</name>
		<pose>Unspecified</pose>
		<truncated>1</truncated>
		<difficult>0</difficult>
		<bndbox>
			<xmin>112</xmin>
			<ymin>317</ymin>
			<xmax>257</xmax>
			<ymax>400</ymax>
		</bndbox>
	</object>
</annotation>
