<annotation>
	<folder>train</folder>
	<filename>orange_0063.jpg</filename>
	<path>C:\FRUIT\train\orange_0063.jpg</path>
	<source>
		<database>Unknown</database>
	</source>
	<size>
		<width>500</width>
		<height>375</height>
		<depth>3</depth>
	</size>
	<segmented>0</segmented>
	<object>
		<name>orange</name>
		<pose>Unspecified</pose>
		<truncated>0</truncated>
		<difficult>0</difficult>
		<bndbox>
			<xmin>24</xmin>
			<ymin>38</ymin>
			<xmax>326</xmax>
			<ymax>368</ymax>
		</bndbox>
	</object>
</annotation>
