<annotation>
	<folder>train</folder>
	<filename>orange_0019.jpg</filename>
	<path>C:\FRUIT\train\orange_0019.jpg</path>
	<source>
		<database>Unknown</database>
	</source>
	<size>
		<width>500</width>
		<height>333</height>
		<depth>3</depth>
	</size>
	<segmented>0</segmented>
	<object>
		<name>orange</name>
		<pose>Unspecified</pose>
		<truncated>0</truncated>
		<difficult>0</difficult>
		<bndbox>
			<xmin>341</xmin>
			<ymin>3</ymin>
			<xmax>450</xmax>
			<ymax>98</ymax>
		</bndbox>
	</object>
	<object>
		<name>orange</name>
		<pose>Unspecified</pose>
		<truncated>1</truncated>
		<difficult>0</difficult>
		<bndbox>
			<xmin>429</xmin>
			<ymin>59</ymin>
			<xmax>500</xmax>
			<ymax>156</ymax>
		</bndbox>
	</object>
	<object>
		<name>pear</name>
		<pose>Unspecified</pose>
		<truncated>1</truncated>
		<difficult>0</difficult>
		<bndbox>
			<xmin>348</xmin>
			<ymin>216</ymin>
			<xmax>447</xmax>
			<ymax>333</ymax>
		</bndbox>
	</object>
	<object>
		<name>pear</name>
		<pose>Unspecified</pose>
		<truncated>1</truncated>
		<difficult>0</difficult>
		<bndbox>
			<xmin>457</xmin>
			<ymin>193</ymin>
			<xmax>500</xmax>
			<ymax>269</ymax>
		</bndbox>
	</object>
	<object>
		<name>apple</name>
		<pose>Unspecified</pose>
		<truncated>0</truncated>
		<difficult>0</difficult>
		<bndbox>
			<xmin>199</xmin>
			<ymin>93</ymin>
			<xmax>303</xmax>
			<ymax>165</ymax>
		</bndbox>
	</object>
	<object>
		<name>apple</name>
		<pose>Unspecified</pose>
		<truncated>0</truncated>
		<difficult>0</difficult>
		<bndbox>
			<xmin>170</xmin>
			<ymin>8</ymin>
			<xmax>255</xmax>
			<ymax>106</ymax>
		</bndbox>
	</object>
</annotation>
