<annotation>
	<folder>train</folder>
	<filename>orange_0021.jpg</filename>
	<path>C:\FRUIT\train\orange_0021.jpg</path>
	<source>
		<database>Unknown</database>
	</source>
	<size>
		<width>334</width>
		<height>500</height>
		<depth>3</depth>
	</size>
	<segmented>0</segmented>
	<object>
		<name>orange</name>
		<pose>Unspecified</pose>
		<truncated>0</truncated>
		<difficult>0</difficult>
		<bndbox>
			<xmin>96</xmin>
			<ymin>149</ymin>
			<xmax>255</xmax>
			<ymax>313</ymax>
		</bndbox>
	</object>
	<object>
		<name>orange</name>
		<pose>Unspecified</pose>
		<truncated>1</truncated>
		<difficult>0</difficult>
		<bndbox>
			<xmin>258</xmin>
			<ymin>195</ymin>
			<xmax>334</xmax>
			<ymax>358</ymax>
		</bndbox>
	</object>
	<object>
		<name>orange</name>
		<pose>Unspecified</pose>
		<truncated>0</truncated>
		<difficult>0</difficult>
		<bndbox>
			<xmin>154</xmin>
			<ymin>320</ymin>
			<xmax>289</xmax>
			<ymax>425</ymax>
		</bndbox>
	</object>
</annotation>
