<annotation>
	<folder>train</folder>
	<filename>orange_0091.jpg</filename>
	<path>C:\FRUIT\train\orange_0091.jpg</path>
	<source>
		<database>Unknown</database>
	</source>
	<size>
		<width>500</width>
		<height>334</height>
		<depth>3</depth>
	</size>
	<segmented>0</segmented>
	<object>
		<name>orange</name>
		<pose>Unspecified</pose>
		<truncated>1</truncated>
		<difficult>0</difficult>
		<bndbox>
			<xmin>10</xmin>
			<ymin>1</ymin>
			<xmax>377</xmax>
			<ymax>233</ymax>
		</bndbox>
	</object>
	<object>
		<name>orange</name>
		<pose>Unspecified</pose>
		<truncated>1</truncated>
		<difficult>0</difficult>
		<bndbox>
			<xmin>126</xmin>
			<ymin>202</ymin>
			<xmax>490</xmax>
			<ymax>334</ymax>
		</bndbox>
	</object>
</annotation>
