<annotation>
	<folder>train</folder>
	<filename>orange_0073.jpg</filename>
	<path>C:\FRUIT\train\orange_0073.jpg</path>
	<source>
		<database>Unknown</database>
	</source>
	<size>
		<width>500</width>
		<height>375</height>
		<depth>3</depth>
	</size>
	<segmented>0</segmented>
	<object>
		<name>orange</name>
		<pose>Unspecified</pose>
		<truncated>0</truncated>
		<difficult>0</difficult>
		<bndbox>
			<xmin>21</xmin>
			<ymin>7</ymin>
			<xmax>280</xmax>
			<ymax>202</ymax>
		</bndbox>
	</object>
	<object>
		<name>orange</name>
		<pose>Unspecified</pose>
		<truncated>0</truncated>
		<difficult>0</difficult>
		<bndbox>
			<xmin>14</xmin>
			<ymin>189</ymin>
			<xmax>331</xmax>
			<ymax>374</ymax>
		</bndbox>
	</object>
</annotation>
