<annotation>
	<folder>train</folder>
	<filename>orange_0111.jpg</filename>
	<path>C:\FRUIT\train\orange_0111.jpg</path>
	<source>
		<database>Unknown</database>
	</source>
	<size>
		<width>500</width>
		<height>333</height>
		<depth>3</depth>
	</size>
	<segmented>0</segmented>
	<object>
		<name>orange</name>
		<pose>Unspecified</pose>
		<truncated>0</truncated>
		<difficult>0</difficult>
		<bndbox>
			<xmin>27</xmin>
			<ymin>107</ymin>
			<xmax>179</xmax>
			<ymax>264</ymax>
		</bndbox>
	</object>
	<object>
		<name>orange</name>
		<pose>Unspecified</pose>
		<truncated>0</truncated>
		<difficult>0</difficult>
		<bndbox>
			<xmin>345</xmin>
			<ymin>115</ymin>
			<xmax>491</xmax>
			<ymax>278</ymax>
		</bndbox>
	</object>
	<object>
		<name>orange</name>
		<pose>Unspecified</pose>
		<truncated>0</truncated>
		<difficult>0</difficult>
		<bndbox>
			<xmin>167</xmin>
			<ymin>85</ymin>
			<xmax>334</xmax>
			<ymax>246</ymax>
		</bndbox>
	</object>
</annotation>
