<annotation>
	<folder>train</folder>
	<filename>orange_0027.jpg</filename>
	<path>C:\FRUIT\train\orange_0027.jpg</path>
	<source>
		<database>Unknown</database>
	</source>
	<size>
		<width>500</width>
		<height>375</height>
		<depth>3</depth>
	</size>
	<segmented>0</segmented>
	<object>
		<name>orange</name>
		<pose>Unspecified</pose>
		<truncated>0</truncated>
		<difficult>0</difficult>
		<bndbox>
			<xmin>70</xmin>
			<ymin>130</ymin>
			<xmax>249</xmax>
			<ymax>298</ymax>
		</bndbox>
	</object>
	<object>
		<name>orange</name>
		<pose>Unspecified</pose>
		<truncated>0</truncated>
		<difficult>0</difficult>
		<bndbox>
			<xmin>297</xmin>
			<ymin>112</ymin>
			<xmax>460</xmax>
			<ymax>278</ymax>
		</bndbox>
	</object>
</annotation>
