<annotation>
	<folder>train</folder>
	<filename>orange_0151.jpg</filename>
	<path>C:\FRUIT\train\orange_0151.jpg</path>
	<source>
		<database>Unknown</database>
	</source>
	<size>
		<width>333</width>
		<height>500</height>
		<depth>3</depth>
	</size>
	<segmented>0</segmented>
	<object>
		<name>orange</name>
		<pose>Unspecified</pose>
		<truncated>0</truncated>
		<difficult>0</difficult>
		<bndbox>
			<xmin>117</xmin>
			<ymin>177</ymin>
			<xmax>251</xmax>
			<ymax>308</ymax>
		</bndbox>
	</object>
</annotation>
