<annotation>
	<folder>train</folder>
	<filename>orange_0031.jpg</filename>
	<path>C:\FRUIT\train\orange_0031.jpg</path>
	<source>
		<database>Unknown</database>
	</source>
	<size>
		<width>341</width>
		<height>500</height>
		<depth>3</depth>
	</size>
	<segmented>0</segmented>
	<object>
		<name>orange</name>
		<pose>Unspecified</pose>
		<truncated>0</truncated>
		<difficult>0</difficult>
		<bndbox>
			<xmin>97</xmin>
			<ymin>194</ymin>
			<xmax>182</xmax>
			<ymax>275</ymax>
		</bndbox>
	</object>
	<object>
		<name>orange</name>
		<pose>Unspecified</pose>
		<truncated>0</truncated>
		<difficult>0</difficult>
		<bndbox>
			<xmin>120</xmin>
			<ymin>128</ymin>
			<xmax>201</xmax>
			<ymax>201</ymax>
		</bndbox>
	</object>
	<object>
		<name>orange</name>
		<pose>Unspecified</pose>
		<truncated>0</truncated>
		<difficult>0</difficult>
		<bndbox>
			<xmin>152</xmin>
			<ymin>247</ymin>
			<xmax>235</xmax>
			<ymax>332</ymax>
		</bndbox>
	</object>
</annotation>
