<annotation>
	<folder>train</folder>
	<filename>orange_0028.jpg</filename>
	<path>C:\FRUIT\train\orange_0028.jpg</path>
	<source>
		<database>Unknown</database>
	</source>
	<size>
		<width>480</width>
		<height>320</height>
		<depth>3</depth>
	</size>
	<segmented>0</segmented>
	<object>
		<name>orange</name>
		<pose>Unspecified</pose>
		<truncated>0</truncated>
		<difficult>0</difficult>
		<bndbox>
			<xmin>88</xmin>
			<ymin>215</ymin>
			<xmax>209</xmax>
			<ymax>319</ymax>
		</bndbox>
	</object>
</annotation>
