<annotation>
	<folder>train</folder>
	<filename>orange_0124.jpg</filename>
	<path>C:\FRUIT\train\orange_0124.jpg</path>
	<source>
		<database>Unknown</database>
	</source>
	<size>
		<width>500</width>
		<height>333</height>
		<depth>3</depth>
	</size>
	<segmented>0</segmented>
	<object>
		<name>orange</name>
		<pose>Unspecified</pose>
		<truncated>0</truncated>
		<difficult>0</difficult>
		<bndbox>
			<xmin>34</xmin>
			<ymin>74</ymin>
			<xmax>235</xmax>
			<ymax>265</ymax>
		</bndbox>
	</object>
	<object>
		<name>orange</name>
		<pose>Unspecified</pose>
		<truncated>0</truncated>
		<difficult>0</difficult>
		<bndbox>
			<xmin>265</xmin>
			<ymin>75</ymin>
			<xmax>477</xmax>
			<ymax>276</ymax>
		</bndbox>
	</object>
	<object>
		<name>orange</name>
		<pose>Unspecified</pose>
		<truncated>0</truncated>
		<difficult>0</difficult>
		<bndbox>
			<xmin>128</xmin>
			<ymin>6</ymin>
			<xmax>294</xmax>
			<ymax>119</ymax>
		</bndbox>
	</object>
</annotation>
