<annotation>
	<folder>train</folder>
	<filename>orange_0064.jpg</filename>
	<path>C:\FRUIT\train\orange_0064.jpg</path>
	<source>
		<database>Unknown</database>
	</source>
	<size>
		<width>500</width>
		<height>375</height>
		<depth>3</depth>
	</size>
	<segmented>0</segmented>
	<object>
		<name>orange</name>
		<pose>Unspecified</pose>
		<truncated>0</truncated>
		<difficult>0</difficult>
		<bndbox>
			<xmin>262</xmin>
			<ymin>211</ymin>
			<xmax>357</xmax>
			<ymax>331</ymax>
		</bndbox>
	</object>
	<object>
		<name>pineapple</name>
		<pose>Unspecified</pose>
		<truncated>0</truncated>
		<difficult>0</difficult>
		<bndbox>
			<xmin>28</xmin>
			<ymin>192</ymin>
			<xmax>168</xmax>
			<ymax>326</ymax>
		</bndbox>
	</object>
</annotation>
