<annotation>
	<folder>train</folder>
	<filename>orange_0138.jpg</filename>
	<path>C:\FRUIT\train\orange_0138.jpg</path>
	<source>
		<database>Unknown</database>
	</source>
	<size>
		<width>500</width>
		<height>393</height>
		<depth>3</depth>
	</size>
	<segmented>0</segmented>
	<object>
		<name>orange</name>
		<pose>Unspecified</pose>
		<truncated>0</truncated>
		<difficult>0</difficult>
		<bndbox>
			<xmin>64</xmin>
			<ymin>37</ymin>
			<xmax>447</xmax>
			<ymax>377</ymax>
		</bndbox>
	</object>
</annotation>
