<annotation>
	<folder>train</folder>
	<filename>orange_0129.jpg</filename>
	<path>C:\FRUIT\train\orange_0129.jpg</path>
	<source>
		<database>Unknown</database>
	</source>
	<size>
		<width>500</width>
		<height>375</height>
		<depth>3</depth>
	</size>
	<segmented>0</segmented>
	<object>
		<name>orange</name>
		<pose>Unspecified</pose>
		<truncated>0</truncated>
		<difficult>0</difficult>
		<bndbox>
			<xmin>97</xmin>
			<ymin>69</ymin>
			<xmax>272</xmax>
			<ymax>253</ymax>
		</bndbox>
	</object>
	<object>
		<name>orange</name>
		<pose>Unspecified</pose>
		<truncated>0</truncated>
		<difficult>0</difficult>
		<bndbox>
			<xmin>270</xmin>
			<ymin>142</ymin>
			<xmax>367</xmax>
			<ymax>260</ymax>
		</bndbox>
	</object>
</annotation>
