<annotation>
	<folder>train</folder>
	<filename>orange_0078.jpg</filename>
	<path>C:\FRUIT\train\orange_0078.jpg</path>
	<source>
		<database>Unknown</database>
	</source>
	<size>
		<width>500</width>
		<height>318</height>
		<depth>3</depth>
	</size>
	<segmented>0</segmented>
	<object>
		<name>orange</name>
		<pose>Unspecified</pose>
		<truncated>0</truncated>
		<difficult>0</difficult>
		<bndbox>
			<xmin>57</xmin>
			<ymin>48</ymin>
			<xmax>240</xmax>
			<ymax>233</ymax>
		</bndbox>
	</object>
	<object>
		<name>orange</name>
		<pose>Unspecified</pose>
		<truncated>0</truncated>
		<difficult>0</difficult>
		<bndbox>
			<xmin>253</xmin>
			<ymin>53</ymin>
			<xmax>457</xmax>
			<ymax>249</ymax>
		</bndbox>
	</object>
	<object>
		<name>orange</name>
		<pose>Unspecified</pose>
		<truncated>0</truncated>
		<difficult>0</difficult>
		<bndbox>
			<xmin>222</xmin>
			<ymin>25</ymin>
			<xmax>327</xmax>
			<ymax>102</ymax>
		</bndbox>
	</object>
</annotation>
