<annotation>
	<folder>train</folder>
	<filename>orange_0004.jpg</filename>
	<path>C:\FRUIT\train\orange_0004.jpg</path>
	<source>
		<database>Unknown</database>
	</source>
	<size>
		<width>500</width>
		<height>374</height>
		<depth>3</depth>
	</size>
	<segmented>0</segmented>
	<object>
		<name>orange</name>
		<pose>Unspecified</pose>
		<truncated>1</truncated>
		<difficult>0</difficult>
		<bndbox>
			<xmin>28</xmin>
			<ymin>16</ymin>
			<xmax>408</xmax>
			<ymax>374</ymax>
		</bndbox>
	</object>
</annotation>
