<annotation>
	<folder>train</folder>
	<filename>orange_0142.jpg</filename>
	<path>C:\FRUIT\train\orange_0142.jpg</path>
	<source>
		<database>Unknown</database>
	</source>
	<size>
		<width>500</width>
		<height>333</height>
		<depth>3</depth>
	</size>
	<segmented>0</segmented>
	<object>
		<name>orange</name>
		<pose>Unspecified</pose>
		<truncated>0</truncated>
		<difficult>0</difficult>
		<bndbox>
			<xmin>127</xmin>
			<ymin>49</ymin>
			<xmax>274</xmax>
			<ymax>184</ymax>
		</bndbox>
	</object>
	<object>
		<name>orange</name>
		<pose>Unspecified</pose>
		<truncated>0</truncated>
		<difficult>0</difficult>
		<bndbox>
			<xmin>98</xmin>
			<ymin>178</ymin>
			<xmax>301</xmax>
			<ymax>321</ymax>
		</bndbox>
	</object>
	<object>
		<name>orange</name>
		<pose>Unspecified</pose>
		<truncated>0</truncated>
		<difficult>0</difficult>
		<bndbox>
			<xmin>352</xmin>
			<ymin>97</ymin>
			<xmax>494</xmax>
			<ymax>241</ymax>
		</bndbox>
	</object>
</annotation>
