<annotation>
	<folder>train</folder>
	<filename>orange_0083.jpg</filename>
	<path>C:\FRUIT\train\orange_0083.jpg</path>
	<source>
		<database>Unknown</database>
	</source>
	<size>
		<width>375</width>
		<height>500</height>
		<depth>3</depth>
	</size>
	<segmented>0</segmented>
	<object>
		<name>orange</name>
		<pose>Unspecified</pose>
		<truncated>0</truncated>
		<difficult>0</difficult>
		<bndbox>
			<xmin>9</xmin>
			<ymin>160</ymin>
			<xmax>103</xmax>
			<ymax>410</ymax>
		</bndbox>
	</object>
	<object>
		<name>orange</name>
		<pose>Unspecified</pose>
		<truncated>0</truncated>
		<difficult>0</difficult>
		<bndbox>
			<xmin>160</xmin>
			<ymin>223</ymin>
			<xmax>319</xmax>
			<ymax>473</ymax>
		</bndbox>
	</object>
	<object>
		<name>orange</name>
		<pose>Unspecified</pose>
		<truncated>0</truncated>
		<difficult>0</difficult>
		<bndbox>
			<xmin>146</xmin>
			<ymin>29</ymin>
			<xmax>273</xmax>
			<ymax>176</ymax>
		</bndbox>
	</object>
</annotation>
