<annotation>
	<folder>train</folder>
	<filename>orange_0061.jpg</filename>
	<path>C:\FRUIT\train\orange_0061.jpg</path>
	<source>
		<database>Unknown</database>
	</source>
	<size>
		<width>500</width>
		<height>375</height>
		<depth>3</depth>
	</size>
	<segmented>0</segmented>
	<object>
		<name>orange</name>
		<pose>Unspecified</pose>
		<truncated>0</truncated>
		<difficult>0</difficult>
		<bndbox>
			<xmin>304</xmin>
			<ymin>139</ymin>
			<xmax>407</xmax>
			<ymax>242</ymax>
		</bndbox>
	</object>
	<object>
		<name>orange</name>
		<pose>Unspecified</pose>
		<truncated>0</truncated>
		<difficult>0</difficult>
		<bndbox>
			<xmin>153</xmin>
			<ymin>130</ymin>
			<xmax>276</xmax>
			<ymax>253</ymax>
		</bndbox>
	</object>
	<object>
		<name>orange</name>
		<pose>Unspecified</pose>
		<truncated>0</truncated>
		<difficult>0</difficult>
		<bndbox>
			<xmin>118</xmin>
			<ymin>100</ymin>
			<xmax>180</xmax>
			<ymax>178</ymax>
		</bndbox>
	</object>
</annotation>
