<annotation>
	<folder>train</folder>
	<filename>orange_0029.jpg</filename>
	<path>C:\FRUIT\train\orange_0029.jpg</path>
	<source>
		<database>Unknown</database>
	</source>
	<size>
		<width>374</width>
		<height>500</height>
		<depth>3</depth>
	</size>
	<segmented>0</segmented>
	<object>
		<name>orange</name>
		<pose>Unspecified</pose>
		<truncated>0</truncated>
		<difficult>0</difficult>
		<bndbox>
			<xmin>60</xmin>
			<ymin>181</ymin>
			<xmax>337</xmax>
			<ymax>445</ymax>
		</bndbox>
	</object>
</annotation>
