<annotation>
	<folder>train</folder>
	<filename>orange_0153.jpg</filename>
	<path>C:\FRUIT\train\orange_0153.jpg</path>
	<source>
		<database>Unknown</database>
	</source>
	<size>
		<width>375</width>
		<height>500</height>
		<depth>3</depth>
	</size>
	<segmented>0</segmented>
	<object>
		<name>orange</name>
		<pose>Unspecified</pose>
		<truncated>0</truncated>
		<difficult>0</difficult>
		<bndbox>
			<xmin>54</xmin>
			<ymin>178</ymin>
			<xmax>192</xmax>
			<ymax>290</ymax>
		</bndbox>
	</object>
	<object>
		<name>orange</name>
		<pose>Unspecified</pose>
		<truncated>1</truncated>
		<difficult>0</difficult>
		<bndbox>
			<xmin>164</xmin>
			<ymin>23</ymin>
			<xmax>375</xmax>
			<ymax>385</ymax>
		</bndbox>
	</object>
</annotation>
