<annotation>
	<folder>train</folder>
	<filename>orange_0045.jpg</filename>
	<path>C:\FRUIT\train\orange_0045.jpg</path>
	<source>
		<database>Unknown</database>
	</source>
	<size>
		<width>500</width>
		<height>333</height>
		<depth>3</depth>
	</size>
	<segmented>0</segmented>
	<object>
		<name>orange</name>
		<pose>Unspecified</pose>
		<truncated>0</truncated>
		<difficult>0</difficult>
		<bndbox>
			<xmin>226</xmin>
			<ymin>78</ymin>
			<xmax>432</xmax>
			<ymax>277</ymax>
		</bndbox>
	</object>
	<object>
		<name>orange</name>
		<pose>Unspecified</pose>
		<truncated>0</truncated>
		<difficult>0</difficult>
		<bndbox>
			<xmin>62</xmin>
			<ymin>155</ymin>
			<xmax>252</xmax>
			<ymax>326</ymax>
		</bndbox>
	</object>
	<object>
		<name>orange</name>
		<pose>Unspecified</pose>
		<truncated>0</truncated>
		<difficult>0</difficult>
		<bndbox>
			<xmin>125</xmin>
			<ymin>4</ymin>
			<xmax>280</xmax>
			<ymax>132</ymax>
		</bndbox>
	</object>
</annotation>
