<annotation>
	<folder>train</folder>
	<filename>pineapple_0103.jpg</filename>
	<path>C:\FRUIT\train\pineapple_0103.jpg</path>
	<source>
		<database>Unknown</database>
	</source>
	<size>
		<width>500</width>
		<height>492</height>
		<depth>3</depth>
	</size>
	<segmented>0</segmented>
	<object>
		<name>pineapple</name>
		<pose>Unspecified</pose>
		<truncated>0</truncated>
		<difficult>0</difficult>
		<bndbox>
			<xmin>55</xmin>
			<ymin>39</ymin>
			<xmax>469</xmax>
			<ymax>455</ymax>
		</bndbox>
	</object>
</annotation>
