<annotation>
	<folder>train</folder>
	<filename>pineapple_0064.jpg</filename>
	<path>C:\FRUIT\train\pineapple_0064.jpg</path>
	<source>
		<database>Unknown</database>
	</source>
	<size>
		<width>500</width>
		<height>333</height>
		<depth>3</depth>
	</size>
	<segmented>0</segmented>
	<object>
		<name>pineapple</name>
		<pose>Unspecified</pose>
		<truncated>0</truncated>
		<difficult>0</difficult>
		<bndbox>
			<xmin>47</xmin>
			<ymin>141</ymin>
			<xmax>128</xmax>
			<ymax>276</ymax>
		</bndbox>
	</object>
	<object>
		<name>pineapple</name>
		<pose>Unspecified</pose>
		<truncated>0</truncated>
		<difficult>0</difficult>
		<bndbox>
			<xmin>182</xmin>
			<ymin>121</ymin>
			<xmax>298</xmax>
			<ymax>247</ymax>
		</bndbox>
	</object>
	<object>
		<name>pineapple</name>
		<pose>Unspecified</pose>
		<truncated>0</truncated>
		<difficult>0</difficult>
		<bndbox>
			<xmin>311</xmin>
			<ymin>103</ymin>
			<xmax>416</xmax>
			<ymax>256</ymax>
		</bndbox>
	</object>
	<object>
		<name>pineapple</name>
		<pose>Unspecified</pose>
		<truncated>0</truncated>
		<difficult>0</difficult>
		<bndbox>
			<xmin>439</xmin>
			<ymin>155</ymin>
			<xmax>494</xmax>
			<ymax>287</ymax>
		</bndbox>
	</object>
	<object>
		<name>pineapple</name>
		<pose>Unspecified</pose>
		<truncated>0</truncated>
		<difficult>0</difficult>
		<bndbox>
			<xmin>386</xmin>
			<ymin>2</ymin>
			<xmax>490</xmax>
			<ymax>66</ymax>
		</bndbox>
	</object>
	<object>
		<name>pineapple</name>
		<pose>Unspecified</pose>
		<truncated>0</truncated>
		<difficult>0</difficult>
		<bndbox>
			<xmin>202</xmin>
			<ymin>2</ymin>
			<xmax>318</xmax>
			<ymax>73</ymax>
		</bndbox>
	</object>
	<object>
		<name>pineapple</name>
		<pose>Unspecified</pose>
		<truncated>0</truncated>
		<difficult>0</difficult>
		<bndbox>
			<xmin>112</xmin>
			<ymin>78</ymin>
			<xmax>174</xmax>
			<ymax>138</ymax>
		</bndbox>
	</object>
	<object>
		<name>pineapple</name>
		<pose>Unspecified</pose>
		<truncated>1</truncated>
		<difficult>0</difficult>
		<bndbox>
			<xmin>3</xmin>
			<ymin>1</ymin>
			<xmax>53</xmax>
			<ymax>40</ymax>
		</bndbox>
	</object>
</annotation>
