<annotation>
	<folder>train</folder>
	<filename>pineapple_0114.jpg</filename>
	<path>C:\FRUIT\train\pineapple_0114.jpg</path>
	<source>
		<database>Unknown</database>
	</source>
	<size>
		<width>333</width>
		<height>500</height>
		<depth>3</depth>
	</size>
	<segmented>0</segmented>
	<object>
		<name>pineapple</name>
		<pose>Unspecified</pose>
		<truncated>0</truncated>
		<difficult>0</difficult>
		<bndbox>
			<xmin>113</xmin>
			<ymin>131</ymin>
			<xmax>179</xmax>
			<ymax>230</ymax>
		</bndbox>
	</object>
	<object>
		<name>pineapple</name>
		<pose>Unspecified</pose>
		<truncated>0</truncated>
		<difficult>0</difficult>
		<bndbox>
			<xmin>114</xmin>
			<ymin>322</ymin>
			<xmax>204</xmax>
			<ymax>458</ymax>
		</bndbox>
	</object>
</annotation>
