<annotation>
	<folder>train</folder>
	<filename>pineapple_0091.jpg</filename>
	<path>C:\FRUIT\train\pineapple_0091.jpg</path>
	<source>
		<database>Unknown</database>
	</source>
	<size>
		<width>500</width>
		<height>375</height>
		<depth>3</depth>
	</size>
	<segmented>0</segmented>
	<object>
		<name>pineapple</name>
		<pose>Unspecified</pose>
		<truncated>0</truncated>
		<difficult>0</difficult>
		<bndbox>
			<xmin>63</xmin>
			<ymin>88</ymin>
			<xmax>240</xmax>
			<ymax>281</ymax>
		</bndbox>
	</object>
	<object>
		<name>pineapple</name>
		<pose>Unspecified</pose>
		<truncated>0</truncated>
		<difficult>0</difficult>
		<bndbox>
			<xmin>264</xmin>
			<ymin>129</ymin>
			<xmax>447</xmax>
			<ymax>310</ymax>
		</bndbox>
	</object>
</annotation>
