<annotation>
	<folder>train</folder>
	<filename>pineapple_0105.jpg</filename>
	<path>C:\FRUIT\train\pineapple_0105.jpg</path>
	<source>
		<database>Unknown</database>
	</source>
	<size>
		<width>408</width>
		<height>500</height>
		<depth>3</depth>
	</size>
	<segmented>0</segmented>
	<object>
		<name>pineapple</name>
		<pose>Unspecified</pose>
		<truncated>0</truncated>
		<difficult>0</difficult>
		<bndbox>
			<xmin>146</xmin>
			<ymin>228</ymin>
			<xmax>308</xmax>
			<ymax>457</ymax>
		</bndbox>
	</object>
	<object>
		<name>pineapple</name>
		<pose>Unspecified</pose>
		<truncated>0</truncated>
		<difficult>0</difficult>
		<bndbox>
			<xmin>304</xmin>
			<ymin>279</ymin>
			<xmax>370</xmax>
			<ymax>422</ymax>
		</bndbox>
	</object>
</annotation>
