<annotation>
	<folder>train</folder>
	<filename>pineapple_0111.jpg</filename>
	<path>C:\FRUIT\train\pineapple_0111.jpg</path>
	<source>
		<database>Unknown</database>
	</source>
	<size>
		<width>500</width>
		<height>375</height>
		<depth>3</depth>
	</size>
	<segmented>0</segmented>
	<object>
		<name>pineapple</name>
		<pose>Unspecified</pose>
		<truncated>0</truncated>
		<difficult>0</difficult>
		<bndbox>
			<xmin>98</xmin>
			<ymin>151</ymin>
			<xmax>290</xmax>
			<ymax>311</ymax>
		</bndbox>
	</object>
	<object>
		<name>pineapple</name>
		<pose>Unspecified</pose>
		<truncated>0</truncated>
		<difficult>0</difficult>
		<bndbox>
			<xmin>17</xmin>
			<ymin>21</ymin>
			<xmax>169</xmax>
			<ymax>169</ymax>
		</bndbox>
	</object>
	<object>
		<name>pineapple</name>
		<pose>Unspecified</pose>
		<truncated>1</truncated>
		<difficult>0</difficult>
		<bndbox>
			<xmin>281</xmin>
			<ymin>270</ymin>
			<xmax>453</xmax>
			<ymax>375</ymax>
		</bndbox>
	</object>
</annotation>
