<annotation>
	<folder>train</folder>
	<filename>pineapple_0007.jpg</filename>
	<path>C:\FRUIT\train\pineapple_0007.jpg</path>
	<source>
		<database>Unknown</database>
	</source>
	<size>
		<width>304</width>
		<height>500</height>
		<depth>1</depth>
	</size>
	<segmented>0</segmented>
	<object>
		<name>pineapple</name>
		<pose>Unspecified</pose>
		<truncated>1</truncated>
		<difficult>0</difficult>
		<bndbox>
			<xmin>50</xmin>
			<ymin>202</ymin>
			<xmax>291</xmax>
			<ymax>500</ymax>
		</bndbox>
	</object>
</annotation>
