<annotation>
	<folder>train</folder>
	<filename>pineapple_0063.jpg</filename>
	<path>C:\FRUIT\train\pineapple_0063.jpg</path>
	<source>
		<database>Unknown</database>
	</source>
	<size>
		<width>333</width>
		<height>500</height>
		<depth>3</depth>
	</size>
	<segmented>0</segmented>
	<object>
		<name>pineapple</name>
		<pose>Unspecified</pose>
		<truncated>0</truncated>
		<difficult>0</difficult>
		<bndbox>
			<xmin>123</xmin>
			<ymin>179</ymin>
			<xmax>256</xmax>
			<ymax>357</ymax>
		</bndbox>
	</object>
	<object>
		<name>banana</name>
		<pose>Unspecified</pose>
		<truncated>0</truncated>
		<difficult>0</difficult>
		<bndbox>
			<xmin>56</xmin>
			<ymin>358</ymin>
			<xmax>278</xmax>
			<ymax>468</ymax>
		</bndbox>
	</object>
	<object>
		<name>banana</name>
		<pose>Unspecified</pose>
		<truncated>0</truncated>
		<difficult>0</difficult>
		<bndbox>
			<xmin>63</xmin>
			<ymin>316</ymin>
			<xmax>278</xmax>
			<ymax>402</ymax>
		</bndbox>
	</object>
</annotation>
