<annotation>
	<folder>train</folder>
	<filename>pineapple_0124.jpg</filename>
	<path>C:\FRUIT\train\pineapple_0124.jpg</path>
	<source>
		<database>Unknown</database>
	</source>
	<size>
		<width>500</width>
		<height>375</height>
		<depth>3</depth>
	</size>
	<segmented>0</segmented>
	<object>
		<name>pineapple</name>
		<pose>Unspecified</pose>
		<truncated>0</truncated>
		<difficult>0</difficult>
		<bndbox>
			<xmin>257</xmin>
			<ymin>2</ymin>
			<xmax>471</xmax>
			<ymax>151</ymax>
		</bndbox>
	</object>
</annotation>
