<annotation>
	<folder>train</folder>
	<filename>pineapple_0031.jpg</filename>
	<path>C:\FRUIT\train\pineapple_0031.jpg</path>
	<source>
		<database>Unknown</database>
	</source>
	<size>
		<width>500</width>
		<height>375</height>
		<depth>3</depth>
	</size>
	<segmented>0</segmented>
	<object>
		<name>pineapple</name>
		<pose>Unspecified</pose>
		<truncated>0</truncated>
		<difficult>0</difficult>
		<bndbox>
			<xmin>8</xmin>
			<ymin>145</ymin>
			<xmax>177</xmax>
			<ymax>355</ymax>
		</bndbox>
	</object>
	<object>
		<name>pineapple</name>
		<pose>Unspecified</pose>
		<truncated>0</truncated>
		<difficult>0</difficult>
		<bndbox>
			<xmin>283</xmin>
			<ymin>190</ymin>
			<xmax>365</xmax>
			<ymax>365</ymax>
		</bndbox>
	</object>
	<object>
		<name>pineapple</name>
		<pose>Unspecified</pose>
		<truncated>0</truncated>
		<difficult>0</difficult>
		<bndbox>
			<xmin>369</xmin>
			<ymin>185</ymin>
			<xmax>480</xmax>
			<ymax>354</ymax>
		</bndbox>
	</object>
</annotation>
