<annotation>
	<folder>train</folder>
	<filename>pineapple_0016.jpg</filename>
	<path>C:\FRUIT\train\pineapple_0016.jpg</path>
	<source>
		<database>Unknown</database>
	</source>
	<size>
		<width>500</width>
		<height>375</height>
		<depth>3</depth>
	</size>
	<segmented>0</segmented>
	<object>
		<name>pineapple</name>
		<pose>Unspecified</pose>
		<truncated>0</truncated>
		<difficult>0</difficult>
		<bndbox>
			<xmin>308</xmin>
			<ymin>138</ymin>
			<xmax>389</xmax>
			<ymax>233</ymax>
		</bndbox>
	</object>
	<object>
		<name>pineapple</name>
		<pose>Unspecified</pose>
		<truncated>0</truncated>
		<difficult>0</difficult>
		<bndbox>
			<xmin>128</xmin>
			<ymin>168</ymin>
			<xmax>197</xmax>
			<ymax>229</ymax>
		</bndbox>
	</object>
</annotation>
