<annotation>
	<folder>train</folder>
	<filename>pineapple_0108.jpg</filename>
	<path>C:\FRUIT\train\pineapple_0108.jpg</path>
	<source>
		<database>Unknown</database>
	</source>
	<size>
		<width>500</width>
		<height>333</height>
		<depth>3</depth>
	</size>
	<segmented>0</segmented>
	<object>
		<name>pineapple</name>
		<pose>Unspecified</pose>
		<truncated>0</truncated>
		<difficult>0</difficult>
		<bndbox>
			<xmin>132</xmin>
			<ymin>168</ymin>
			<xmax>179</xmax>
			<ymax>208</ymax>
		</bndbox>
	</object>
	<object>
		<name>pineapple</name>
		<pose>Unspecified</pose>
		<truncated>0</truncated>
		<difficult>0</difficult>
		<bndbox>
			<xmin>219</xmin>
			<ymin>162</ymin>
			<xmax>283</xmax>
			<ymax>214</ymax>
		</bndbox>
	</object>
	<object>
		<name>pineapple</name>
		<pose>Unspecified</pose>
		<truncated>0</truncated>
		<difficult>0</difficult>
		<bndbox>
			<xmin>311</xmin>
			<ymin>156</ymin>
			<xmax>371</xmax>
			<ymax>211</ymax>
		</bndbox>
	</object>
</annotation>
