<annotation>
	<folder>train</folder>
	<filename>pineapple_0144.jpg</filename>
	<path>C:\FRUIT\train\pineapple_0144.jpg</path>
	<source>
		<database>Unknown</database>
	</source>
	<size>
		<width>334</width>
		<height>500</height>
		<depth>3</depth>
	</size>
	<segmented>0</segmented>
	<object>
		<name>pineapple</name>
		<pose>Unspecified</pose>
		<truncated>0</truncated>
		<difficult>0</difficult>
		<bndbox>
			<xmin>12</xmin>
			<ymin>9</ymin>
			<xmax>186</xmax>
			<ymax>208</ymax>
		</bndbox>
	</object>
	<object>
		<name>pineapple</name>
		<pose>Unspecified</pose>
		<truncated>1</truncated>
		<difficult>0</difficult>
		<bndbox>
			<xmin>216</xmin>
			<ymin>27</ymin>
			<xmax>334</xmax>
			<ymax>221</ymax>
		</bndbox>
	</object>
	<object>
		<name>pineapple</name>
		<pose>Unspecified</pose>
		<truncated>0</truncated>
		<difficult>0</difficult>
		<bndbox>
			<xmin>118</xmin>
			<ymin>211</ymin>
			<xmax>281</xmax>
			<ymax>415</ymax>
		</bndbox>
	</object>
	<object>
		<name>pineapple</name>
		<pose>Unspecified</pose>
		<truncated>0</truncated>
		<difficult>0</difficult>
		<bndbox>
			<xmin>3</xmin>
			<ymin>213</ymin>
			<xmax>110</xmax>
			<ymax>429</ymax>
		</bndbox>
	</object>
	<object>
		<name>pineapple</name>
		<pose>Unspecified</pose>
		<truncated>1</truncated>
		<difficult>0</difficult>
		<bndbox>
			<xmin>61</xmin>
			<ymin>410</ymin>
			<xmax>183</xmax>
			<ymax>500</ymax>
		</bndbox>
	</object>
	<object>
		<name>pineapple</name>
		<pose>Unspecified</pose>
		<truncated>1</truncated>
		<difficult>0</difficult>
		<bndbox>
			<xmin>216</xmin>
			<ymin>394</ymin>
			<xmax>322</xmax>
			<ymax>500</ymax>
		</bndbox>
	</object>
</annotation>
