<annotation>
	<folder>train</folder>
	<filename>pineapple_0157.jpg</filename>
	<path>C:\FRUIT\train\pineapple_0157.jpg</path>
	<source>
		<database>Unknown</database>
	</source>
	<size>
		<width>500</width>
		<height>375</height>
		<depth>3</depth>
	</size>
	<segmented>0</segmented>
	<object>
		<name>pineapple</name>
		<pose>Unspecified</pose>
		<truncated>0</truncated>
		<difficult>0</difficult>
		<bndbox>
			<xmin>24</xmin>
			<ymin>19</ymin>
			<xmax>473</xmax>
			<ymax>357</ymax>
		</bndbox>
	</object>
</annotation>
