<annotation>
	<folder>train</folder>
	<filename>pineapple_0094.jpg</filename>
	<path>C:\FRUIT\train\pineapple_0094.jpg</path>
	<source>
		<database>Unknown</database>
	</source>
	<size>
		<width>500</width>
		<height>375</height>
		<depth>3</depth>
	</size>
	<segmented>0</segmented>
	<object>
		<name>pineapple</name>
		<pose>Unspecified</pose>
		<truncated>0</truncated>
		<difficult>0</difficult>
		<bndbox>
			<xmin>212</xmin>
			<ymin>136</ymin>
			<xmax>495</xmax>
			<ymax>352</ymax>
		</bndbox>
	</object>
	<object>
		<name>pineapple</name>
		<pose>Unspecified</pose>
		<truncated>0</truncated>
		<difficult>0</difficult>
		<bndbox>
			<xmin>94</xmin>
			<ymin>94</ymin>
			<xmax>231</xmax>
			<ymax>211</ymax>
		</bndbox>
	</object>
	<object>
		<name>pineapple</name>
		<pose>Unspecified</pose>
		<truncated>0</truncated>
		<difficult>0</difficult>
		<bndbox>
			<xmin>11</xmin>
			<ymin>203</ymin>
			<xmax>195</xmax>
			<ymax>364</ymax>
		</bndbox>
	</object>
</annotation>
