<annotation>
	<folder>train</folder>
	<filename>pineapple_0028.jpg</filename>
	<path>C:\FRUIT\train\pineapple_0028.jpg</path>
	<source>
		<database>Unknown</database>
	</source>
	<size>
		<width>500</width>
		<height>375</height>
		<depth>3</depth>
	</size>
	<segmented>0</segmented>
	<object>
		<name>pineapple</name>
		<pose>Unspecified</pose>
		<truncated>0</truncated>
		<difficult>0</difficult>
		<bndbox>
			<xmin>45</xmin>
			<ymin>138</ymin>
			<xmax>439</xmax>
			<ymax>358</ymax>
		</bndbox>
	</object>
	<object>
		<name>pineapple</name>
		<pose>Unspecified</pose>
		<truncated>0</truncated>
		<difficult>0</difficult>
		<bndbox>
			<xmin>75</xmin>
			<ymin>22</ymin>
			<xmax>453</xmax>
			<ymax>168</ymax>
		</bndbox>
	</object>
</annotation>
