<annotation>
	<folder>train</folder>
	<filename>pineapple_0006.jpg</filename>
	<path>C:\FRUIT\train\pineapple_0006.jpg</path>
	<source>
		<database>Unknown</database>
	</source>
	<size>
		<width>500</width>
		<height>375</height>
		<depth>3</depth>
	</size>
	<segmented>0</segmented>
	<object>
		<name>pineapple</name>
		<pose>Unspecified</pose>
		<truncated>0</truncated>
		<difficult>0</difficult>
		<bndbox>
			<xmin>13</xmin>
			<ymin>127</ymin>
			<xmax>122</xmax>
			<ymax>362</ymax>
		</bndbox>
	</object>
	<object>
		<name>pineapple</name>
		<pose>Unspecified</pose>
		<truncated>1</truncated>
		<difficult>0</difficult>
		<bndbox>
			<xmin>130</xmin>
			<ymin>110</ymin>
			<xmax>288</xmax>
			<ymax>375</ymax>
		</bndbox>
	</object>
	<object>
		<name>pineapple</name>
		<pose>Unspecified</pose>
		<truncated>1</truncated>
		<difficult>0</difficult>
		<bndbox>
			<xmin>300</xmin>
			<ymin>132</ymin>
			<xmax>463</xmax>
			<ymax>375</ymax>
		</bndbox>
	</object>
</annotation>
