<annotation>
	<folder>train</folder>
	<filename>pineapple_0002.jpg</filename>
	<path>C:\FRUIT\train\pineapple_0002.jpg</path>
	<source>
		<database>Unknown</database>
	</source>
	<size>
		<width>363</width>
		<height>600</height>
		<depth>3</depth>
	</size>
	<segmented>0</segmented>
	<object>
		<name>pineapple</name>
		<pose>Unspecified</pose>
		<truncated>0</truncated>
		<difficult>0</difficult>
		<bndbox>
			<xmin>75</xmin>
			<ymin>317</ymin>
			<xmax>282</xmax>
			<ymax>570</ymax>
		</bndbox>
	</object>
</annotation>
