<annotation>
	<folder>train</folder>
	<filename>pineapple_0071.jpg</filename>
	<path>C:\FRUIT\train\pineapple_0071.jpg</path>
	<source>
		<database>Unknown</database>
	</source>
	<size>
		<width>500</width>
		<height>333</height>
		<depth>3</depth>
	</size>
	<segmented>0</segmented>
	<object>
		<name>pineapple</name>
		<pose>Unspecified</pose>
		<truncated>0</truncated>
		<difficult>0</difficult>
		<bndbox>
			<xmin>178</xmin>
			<ymin>117</ymin>
			<xmax>310</xmax>
			<ymax>234</ymax>
		</bndbox>
	</object>
	<object>
		<name>pineapple</name>
		<pose>Unspecified</pose>
		<truncated>0</truncated>
		<difficult>0</difficult>
		<bndbox>
			<xmin>115</xmin>
			<ymin>161</ymin>
			<xmax>234</xmax>
			<ymax>311</ymax>
		</bndbox>
	</object>
</annotation>
