<annotation>
	<folder>train</folder>
	<filename>pineapple_0044.jpg</filename>
	<path>C:\FRUIT\train\pineapple_0044.jpg</path>
	<source>
		<database>Unknown</database>
	</source>
	<size>
		<width>429</width>
		<height>500</height>
		<depth>3</depth>
	</size>
	<segmented>0</segmented>
	<object>
		<name>pineapple</name>
		<pose>Unspecified</pose>
		<truncated>0</truncated>
		<difficult>0</difficult>
		<bndbox>
			<xmin>222</xmin>
			<ymin>7</ymin>
			<xmax>413</xmax>
			<ymax>304</ymax>
		</bndbox>
	</object>
	<object>
		<name>pineapple</name>
		<pose>Unspecified</pose>
		<truncated>0</truncated>
		<difficult>0</difficult>
		<bndbox>
			<xmin>214</xmin>
			<ymin>316</ymin>
			<xmax>413</xmax>
			<ymax>496</ymax>
		</bndbox>
	</object>
</annotation>
