<annotation>
	<folder>train</folder>
	<filename>pineapple_0045.jpg</filename>
	<path>C:\FRUIT\train\pineapple_0045.jpg</path>
	<source>
		<database>Unknown</database>
	</source>
	<size>
		<width>400</width>
		<height>500</height>
		<depth>3</depth>
	</size>
	<segmented>0</segmented>
	<object>
		<name>pineapple</name>
		<pose>Unspecified</pose>
		<truncated>1</truncated>
		<difficult>0</difficult>
		<bndbox>
			<xmin>237</xmin>
			<ymin>4</ymin>
			<xmax>400</xmax>
			<ymax>245</ymax>
		</bndbox>
	</object>
</annotation>
