<annotation>
	<folder>train</folder>
	<filename>pineapple_0061.jpg</filename>
	<path>C:\FRUIT\train\pineapple_0061.jpg</path>
	<source>
		<database>Unknown</database>
	</source>
	<size>
		<width>338</width>
		<height>500</height>
		<depth>3</depth>
	</size>
	<segmented>0</segmented>
	<object>
		<name>pineapple</name>
		<pose>Unspecified</pose>
		<truncated>0</truncated>
		<difficult>0</difficult>
		<bndbox>
			<xmin>167</xmin>
			<ymin>133</ymin>
			<xmax>313</xmax>
			<ymax>490</ymax>
		</bndbox>
	</object>
	<object>
		<name>pineapple</name>
		<pose>Unspecified</pose>
		<truncated>0</truncated>
		<difficult>0</difficult>
		<bndbox>
			<xmin>82</xmin>
			<ymin>195</ymin>
			<xmax>180</xmax>
			<ymax>452</ymax>
		</bndbox>
	</object>
</annotation>
