<annotation>
	<folder>train</folder>
	<filename>pineapple_0017.jpg</filename>
	<path>C:\FRUIT\train\pineapple_0017.jpg</path>
	<source>
		<database>Unknown</database>
	</source>
	<size>
		<width>375</width>
		<height>500</height>
		<depth>3</depth>
	</size>
	<segmented>0</segmented>
	<object>
		<name>pineapple</name>
		<pose>Unspecified</pose>
		<truncated>0</truncated>
		<difficult>0</difficult>
		<bndbox>
			<xmin>47</xmin>
			<ymin>232</ymin>
			<xmax>203</xmax>
			<ymax>364</ymax>
		</bndbox>
	</object>
	<object>
		<name>pineapple</name>
		<pose>Unspecified</pose>
		<truncated>0</truncated>
		<difficult>0</difficult>
		<bndbox>
			<xmin>150</xmin>
			<ymin>313</ymin>
			<xmax>340</xmax>
			<ymax>467</ymax>
		</bndbox>
	</object>
	<object>
		<name>pineapple</name>
		<pose>Unspecified</pose>
		<truncated>0</truncated>
		<difficult>0</difficult>
		<bndbox>
			<xmin>19</xmin>
			<ymin>368</ymin>
			<xmax>162</xmax>
			<ymax>496</ymax>
		</bndbox>
	</object>
	<object>
		<name>pineapple</name>
		<pose>Unspecified</pose>
		<truncated>0</truncated>
		<difficult>0</difficult>
		<bndbox>
			<xmin>216</xmin>
			<ymin>169</ymin>
			<xmax>353</xmax>
			<ymax>312</ymax>
		</bndbox>
	</object>
	<object>
		<name>pineapple</name>
		<pose>Unspecified</pose>
		<truncated>0</truncated>
		<difficult>0</difficult>
		<bndbox>
			<xmin>115</xmin>
			<ymin>109</ymin>
			<xmax>231</xmax>
			<ymax>199</ymax>
		</bndbox>
	</object>
</annotation>
