<annotation>
	<folder>train</folder>
	<filename>pineapple_0126.jpg</filename>
	<path>C:\FRUIT\train\pineapple_0126.jpg</path>
	<source>
		<database>Unknown</database>
	</source>
	<size>
		<width>500</width>
		<height>333</height>
		<depth>3</depth>
	</size>
	<segmented>0</segmented>
	<object>
		<name>pineapple</name>
		<pose>Unspecified</pose>
		<truncated>0</truncated>
		<difficult>0</difficult>
		<bndbox>
			<xmin>144</xmin>
			<ymin>221</ymin>
			<xmax>301</xmax>
			<ymax>330</ymax>
		</bndbox>
	</object>
</annotation>
