<annotation>
	<folder>train</folder>
	<filename>pineapple_0149.jpg</filename>
	<path>C:\FRUIT\train\pineapple_0149.jpg</path>
	<source>
		<database>Unknown</database>
	</source>
	<size>
		<width>500</width>
		<height>375</height>
		<depth>3</depth>
	</size>
	<segmented>0</segmented>
	<object>
		<name>pineapple</name>
		<pose>Unspecified</pose>
		<truncated>1</truncated>
		<difficult>0</difficult>
		<bndbox>
			<xmin>79</xmin>
			<ymin>214</ymin>
			<xmax>245</xmax>
			<ymax>375</ymax>
		</bndbox>
	</object>
	<object>
		<name>pineapple</name>
		<pose>Unspecified</pose>
		<truncated>1</truncated>
		<difficult>0</difficult>
		<bndbox>
			<xmin>279</xmin>
			<ymin>213</ymin>
			<xmax>479</xmax>
			<ymax>375</ymax>
		</bndbox>
	</object>
	<object>
		<name>pineapple</name>
		<pose>Unspecified</pose>
		<truncated>0</truncated>
		<difficult>0</difficult>
		<bndbox>
			<xmin>322</xmin>
			<ymin>3</ymin>
			<xmax>439</xmax>
			<ymax>110</ymax>
		</bndbox>
	</object>
</annotation>
