<annotation>
	<folder>train</folder>
	<filename>pineapple_0060.jpg</filename>
	<path>C:\FRUIT\train\pineapple_0060.jpg</path>
	<source>
		<database>Unknown</database>
	</source>
	<size>
		<width>473</width>
		<height>500</height>
		<depth>3</depth>
	</size>
	<segmented>0</segmented>
	<object>
		<name>pineapple</name>
		<pose>Unspecified</pose>
		<truncated>0</truncated>
		<difficult>0</difficult>
		<bndbox>
			<xmin>6</xmin>
			<ymin>340</ymin>
			<xmax>137</xmax>
			<ymax>497</ymax>
		</bndbox>
	</object>
	<object>
		<name>pineapple</name>
		<pose>Unspecified</pose>
		<truncated>1</truncated>
		<difficult>0</difficult>
		<bndbox>
			<xmin>142</xmin>
			<ymin>337</ymin>
			<xmax>303</xmax>
			<ymax>500</ymax>
		</bndbox>
	</object>
	<object>
		<name>pineapple</name>
		<pose>Unspecified</pose>
		<truncated>0</truncated>
		<difficult>0</difficult>
		<bndbox>
			<xmin>317</xmin>
			<ymin>312</ymin>
			<xmax>382</xmax>
			<ymax>471</ymax>
		</bndbox>
	</object>
</annotation>
