<annotation>
	<folder>train</folder>
	<filename>pineapple_0005.jpg</filename>
	<path>C:\FRUIT\train\pineapple_0005.jpg</path>
	<source>
		<database>Unknown</database>
	</source>
	<size>
		<width>375</width>
		<height>500</height>
		<depth>3</depth>
	</size>
	<segmented>0</segmented>
	<object>
		<name>pineapple</name>
		<pose>Unspecified</pose>
		<truncated>0</truncated>
		<difficult>0</difficult>
		<bndbox>
			<xmin>17</xmin>
			<ymin>169</ymin>
			<xmax>194</xmax>
			<ymax>469</ymax>
		</bndbox>
	</object>
	<object>
		<name>pineapple</name>
		<pose>Unspecified</pose>
		<truncated>0</truncated>
		<difficult>0</difficult>
		<bndbox>
			<xmin>197</xmin>
			<ymin>182</ymin>
			<xmax>315</xmax>
			<ymax>465</ymax>
		</bndbox>
	</object>
</annotation>
