<annotation>
	<folder>train</folder>
	<filename>pineapple_0151.jpg</filename>
	<path>C:\FRUIT\train\pineapple_0151.jpg</path>
	<source>
		<database>Unknown</database>
	</source>
	<size>
		<width>500</width>
		<height>335</height>
		<depth>3</depth>
	</size>
	<segmented>0</segmented>
	<object>
		<name>pineapple</name>
		<pose>Unspecified</pose>
		<truncated>1</truncated>
		<difficult>0</difficult>
		<bndbox>
			<xmin>380</xmin>
			<ymin>114</ymin>
			<xmax>500</xmax>
			<ymax>296</ymax>
		</bndbox>
	</object>
</annotation>
