<annotation>
	<folder>train</folder>
	<filename>pineapple_0123.jpg</filename>
	<path>C:\FRUIT\train\pineapple_0123.jpg</path>
	<source>
		<database>Unknown</database>
	</source>
	<size>
		<width>500</width>
		<height>332</height>
		<depth>3</depth>
	</size>
	<segmented>0</segmented>
	<object>
		<name>pineapple</name>
		<pose>Unspecified</pose>
		<truncated>0</truncated>
		<difficult>0</difficult>
		<bndbox>
			<xmin>287</xmin>
			<ymin>187</ymin>
			<xmax>357</xmax>
			<ymax>255</ymax>
		</bndbox>
	</object>
	<object>
		<name>pineapple</name>
		<pose>Unspecified</pose>
		<truncated>0</truncated>
		<difficult>0</difficult>
		<bndbox>
			<xmin>352</xmin>
			<ymin>157</ymin>
			<xmax>473</xmax>
			<ymax>258</ymax>
		</bndbox>
	</object>
</annotation>
