<annotation>
	<folder>train</folder>
	<filename>pineapple_0115.jpg</filename>
	<path>C:\FRUIT\train\pineapple_0115.jpg</path>
	<source>
		<database>Unknown</database>
	</source>
	<size>
		<width>500</width>
		<height>375</height>
		<depth>3</depth>
	</size>
	<segmented>0</segmented>
	<object>
		<name>pineapple</name>
		<pose>Unspecified</pose>
		<truncated>0</truncated>
		<difficult>0</difficult>
		<bndbox>
			<xmin>184</xmin>
			<ymin>195</ymin>
			<xmax>336</xmax>
			<ymax>365</ymax>
		</bndbox>
	</object>
	<object>
		<name>pineapple</name>
		<pose>Unspecified</pose>
		<truncated>0</truncated>
		<difficult>0</difficult>
		<bndbox>
			<xmin>211</xmin>
			<ymin>118</ymin>
			<xmax>331</xmax>
			<ymax>223</ymax>
		</bndbox>
	</object>
	<object>
		<name>pineapple</name>
		<pose>Unspecified</pose>
		<truncated>0</truncated>
		<difficult>0</difficult>
		<bndbox>
			<xmin>57</xmin>
			<ymin>199</ymin>
			<xmax>181</xmax>
			<ymax>334</ymax>
		</bndbox>
	</object>
	<object>
		<name>pineapple</name>
		<pose>Unspecified</pose>
		<truncated>0</truncated>
		<difficult>0</difficult>
		<bndbox>
			<xmin>375</xmin>
			<ymin>202</ymin>
			<xmax>495</xmax>
			<ymax>371</ymax>
		</bndbox>
	</object>
</annotation>
