<annotation>
	<folder>train</folder>
	<filename>pineapple_0150.jpg</filename>
	<path>C:\FRUIT\train\pineapple_0150.jpg</path>
	<source>
		<database>Unknown</database>
	</source>
	<size>
		<width>333</width>
		<height>500</height>
		<depth>3</depth>
	</size>
	<segmented>0</segmented>
	<object>
		<name>pineapple</name>
		<pose>Unspecified</pose>
		<truncated>0</truncated>
		<difficult>0</difficult>
		<bndbox>
			<xmin>21</xmin>
			<ymin>3</ymin>
			<xmax>322</xmax>
			<ymax>491</ymax>
		</bndbox>
	</object>
	<object>
		<name>pineapple</name>
		<pose>Unspecified</pose>
		<truncated>0</truncated>
		<difficult>0</difficult>
		<bndbox>
			<xmin>21</xmin>
			<ymin>491</ymin>
			<xmax>21</xmax>
			<ymax>492</ymax>
		</bndbox>
	</object>
</annotation>
