<annotation>
	<folder>train</folder>
	<filename>pineapple_0097.jpg</filename>
	<path>C:\FRUIT\train\pineapple_0097.jpg</path>
	<source>
		<database>Unknown</database>
	</source>
	<size>
		<width>333</width>
		<height>500</height>
		<depth>3</depth>
	</size>
	<segmented>0</segmented>
	<object>
		<name>pineapple</name>
		<pose>Unspecified</pose>
		<truncated>0</truncated>
		<difficult>0</difficult>
		<bndbox>
			<xmin>108</xmin>
			<ymin>163</ymin>
			<xmax>222</xmax>
			<ymax>307</ymax>
		</bndbox>
	</object>
</annotation>
