<annotation>
	<folder>train</folder>
	<filename>pineapple_0003.jpg</filename>
	<path>C:\FRUIT\train\pineapple_0003.jpg</path>
	<source>
		<database>Unknown</database>
	</source>
	<size>
		<width>200</width>
		<height>260</height>
		<depth>3</depth>
	</size>
	<segmented>0</segmented>
	<object>
		<name>pineapple</name>
		<pose>Unspecified</pose>
		<truncated>1</truncated>
		<difficult>0</difficult>
		<bndbox>
			<xmin>107</xmin>
			<ymin>1</ymin>
			<xmax>197</xmax>
			<ymax>115</ymax>
		</bndbox>
	</object>
</annotation>
