<annotation>
	<folder>train</folder>
	<filename>pineapple_0121.jpg</filename>
	<path>C:\FRUIT\train\pineapple_0121.jpg</path>
	<source>
		<database>Unknown</database>
	</source>
	<size>
		<width>334</width>
		<height>500</height>
		<depth>3</depth>
	</size>
	<segmented>0</segmented>
	<object>
		<name>pineapple</name>
		<pose>Unspecified</pose>
		<truncated>1</truncated>
		<difficult>0</difficult>
		<bndbox>
			<xmin>154</xmin>
			<ymin>22</ymin>
			<xmax>334</xmax>
			<ymax>233</ymax>
		</bndbox>
	</object>
</annotation>
