<annotation>
	<folder>train</folder>
	<filename>pineapple_0074.jpg</filename>
	<path>C:\FRUIT\train\pineapple_0074.jpg</path>
	<source>
		<database>Unknown</database>
	</source>
	<size>
		<width>500</width>
		<height>343</height>
		<depth>3</depth>
	</size>
	<segmented>0</segmented>
	<object>
		<name>pineapple</name>
		<pose>Unspecified</pose>
		<truncated>0</truncated>
		<difficult>0</difficult>
		<bndbox>
			<xmin>10</xmin>
			<ymin>9</ymin>
			<xmax>216</xmax>
			<ymax>290</ymax>
		</bndbox>
	</object>
	<object>
		<name>pear</name>
		<pose>Unspecified</pose>
		<truncated>1</truncated>
		<difficult>0</difficult>
		<bndbox>
			<xmin>224</xmin>
			<ymin>81</ymin>
			<xmax>457</xmax>
			<ymax>343</ymax>
		</bndbox>
	</object>
</annotation>
