<annotation>
	<folder>train</folder>
	<filename>lemon_0160.jpg</filename>
	<path>C:\FRUIT\train\lemon_0160.jpg</path>
	<source>
		<database>Unknown</database>
	</source>
	<size>
		<width>500</width>
		<height>333</height>
		<depth>3</depth>
	</size>
	<segmented>0</segmented>
	<object>
		<name>lemon</name>
		<pose>Unspecified</pose>
		<truncated>0</truncated>
		<difficult>0</difficult>
		<bndbox>
			<xmin>281</xmin>
			<ymin>56</ymin>
			<xmax>482</xmax>
			<ymax>263</ymax>
		</bndbox>
	</object>
	<object>
		<name>orange</name>
		<pose>Unspecified</pose>
		<truncated>0</truncated>
		<difficult>0</difficult>
		<bndbox>
			<xmin>15</xmin>
			<ymin>41</ymin>
			<xmax>284</xmax>
			<ymax>273</ymax>
		</bndbox>
	</object>
</annotation>
