<annotation>
	<folder>train</folder>
	<filename>lemon_0114.jpg</filename>
	<path>C:\FRUIT\train\lemon_0114.jpg</path>
	<source>
		<database>Unknown</database>
	</source>
	<size>
		<width>454</width>
		<height>340</height>
		<depth>3</depth>
	</size>
	<segmented>0</segmented>
	<object>
		<name>lemon</name>
		<pose>Unspecified</pose>
		<truncated>0</truncated>
		<difficult>0</difficult>
		<bndbox>
			<xmin>236</xmin>
			<ymin>31</ymin>
			<xmax>445</xmax>
			<ymax>288</ymax>
		</bndbox>
	</object>
	<object>
		<name>lemon</name>
		<pose>Unspecified</pose>
		<truncated>0</truncated>
		<difficult>0</difficult>
		<bndbox>
			<xmin>141</xmin>
			<ymin>26</ymin>
			<xmax>239</xmax>
			<ymax>112</ymax>
		</bndbox>
	</object>
</annotation>
