<annotation>
	<folder>train</folder>
	<filename>lemon_0098.jpg</filename>
	<path>C:\FRUIT\train\lemon_0098.jpg</path>
	<source>
		<database>Unknown</database>
	</source>
	<size>
		<width>500</width>
		<height>332</height>
		<depth>3</depth>
	</size>
	<segmented>0</segmented>
	<object>
		<name>apple</name>
		<pose>Unspecified</pose>
		<truncated>0</truncated>
		<difficult>0</difficult>
		<bndbox>
			<xmin>58</xmin>
			<ymin>92</ymin>
			<xmax>253</xmax>
			<ymax>297</ymax>
		</bndbox>
	</object>
	<object>
		<name>lemon</name>
		<pose>Unspecified</pose>
		<truncated>0</truncated>
		<difficult>0</difficult>
		<bndbox>
			<xmin>297</xmin>
			<ymin>138</ymin>
			<xmax>449</xmax>
			<ymax>285</ymax>
		</bndbox>
	</object>
</annotation>
