<annotation>
	<folder>train</folder>
	<filename>lemon_0108.jpg</filename>
	<path>C:\FRUIT\train\lemon_0108.jpg</path>
	<source>
		<database>Unknown</database>
	</source>
	<size>
		<width>500</width>
		<height>375</height>
		<depth>3</depth>
	</size>
	<segmented>0</segmented>
	<object>
		<name>lemon</name>
		<pose>Unspecified</pose>
		<truncated>0</truncated>
		<difficult>0</difficult>
		<bndbox>
			<xmin>159</xmin>
			<ymin>163</ymin>
			<xmax>294</xmax>
			<ymax>356</ymax>
		</bndbox>
	</object>
	<object>
		<name>pear</name>
		<pose>Unspecified</pose>
		<truncated>1</truncated>
		<difficult>0</difficult>
		<bndbox>
			<xmin>329</xmin>
			<ymin>165</ymin>
			<xmax>500</xmax>
			<ymax>264</ymax>
		</bndbox>
	</object>
	<object>
		<name>pear</name>
		<pose>Unspecified</pose>
		<truncated>0</truncated>
		<difficult>0</difficult>
		<bndbox>
			<xmin>31</xmin>
			<ymin>187</ymin>
			<xmax>166</xmax>
			<ymax>319</ymax>
		</bndbox>
	</object>
	<object>
		<name>lemon</name>
		<pose>Unspecified</pose>
		<truncated>0</truncated>
		<difficult>0</difficult>
		<bndbox>
			<xmin>56</xmin>
			<ymin>125</ymin>
			<xmax>157</xmax>
			<ymax>198</ymax>
		</bndbox>
	</object>
</annotation>
