<annotation>
	<folder>train</folder>
	<filename>lemon_0069.jpg</filename>
	<path>C:\FRUIT\train\lemon_0069.jpg</path>
	<source>
		<database>Unknown</database>
	</source>
	<size>
		<width>375</width>
		<height>500</height>
		<depth>3</depth>
	</size>
	<segmented>0</segmented>
	<object>
		<name>lemon</name>
		<pose>Unspecified</pose>
		<truncated>0</truncated>
		<difficult>0</difficult>
		<bndbox>
			<xmin>179</xmin>
			<ymin>75</ymin>
			<xmax>355</xmax>
			<ymax>399</ymax>
		</bndbox>
	</object>
	<object>
		<name>lemon</name>
		<pose>Unspecified</pose>
		<truncated>0</truncated>
		<difficult>0</difficult>
		<bndbox>
			<xmin>25</xmin>
			<ymin>41</ymin>
			<xmax>216</xmax>
			<ymax>272</ymax>
		</bndbox>
	</object>
	<object>
		<name>lemon</name>
		<pose>Unspecified</pose>
		<truncated>0</truncated>
		<difficult>0</difficult>
		<bndbox>
			<xmin>101</xmin>
			<ymin>311</ymin>
			<xmax>199</xmax>
			<ymax>405</ymax>
		</bndbox>
	</object>
</annotation>
