<annotation>
	<folder>train</folder>
	<filename>lemon_0152.jpg</filename>
	<path>C:\FRUIT\train\lemon_0152.jpg</path>
	<source>
		<database>Unknown</database>
	</source>
	<size>
		<width>500</width>
		<height>500</height>
		<depth>3</depth>
	</size>
	<segmented>0</segmented>
	<object>
		<name>lemon</name>
		<pose>Unspecified</pose>
		<truncated>0</truncated>
		<difficult>0</difficult>
		<bndbox>
			<xmin>144</xmin>
			<ymin>70</ymin>
			<xmax>327</xmax>
			<ymax>334</ymax>
		</bndbox>
	</object>
	<object>
		<name>lemon</name>
		<pose>Unspecified</pose>
		<truncated>0</truncated>
		<difficult>0</difficult>
		<bndbox>
			<xmin>20</xmin>
			<ymin>249</ymin>
			<xmax>195</xmax>
			<ymax>467</ymax>
		</bndbox>
	</object>
	<object>
		<name>lemon</name>
		<pose>Unspecified</pose>
		<truncated>0</truncated>
		<difficult>0</difficult>
		<bndbox>
			<xmin>203</xmin>
			<ymin>294</ymin>
			<xmax>365</xmax>
			<ymax>499</ymax>
		</bndbox>
	</object>
</annotation>
