<annotation>
	<folder>train</folder>
	<filename>lemon_0134.jpg</filename>
	<path>C:\FRUIT\train\lemon_0134.jpg</path>
	<source>
		<database>Unknown</database>
	</source>
	<size>
		<width>468</width>
		<height>500</height>
		<depth>3</depth>
	</size>
	<segmented>0</segmented>
	<object>
		<name>lemon</name>
		<pose>Unspecified</pose>
		<truncated>1</truncated>
		<difficult>0</difficult>
		<bndbox>
			<xmin>83</xmin>
			<ymin>332</ymin>
			<xmax>389</xmax>
			<ymax>500</ymax>
		</bndbox>
	</object>
</annotation>
