<annotation>
	<folder>train</folder>
	<filename>lemon_0083.jpg</filename>
	<path>C:\FRUIT\train\lemon_0083.jpg</path>
	<source>
		<database>Unknown</database>
	</source>
	<size>
		<width>500</width>
		<height>375</height>
		<depth>3</depth>
	</size>
	<segmented>0</segmented>
	<object>
		<name>lemon</name>
		<pose>Unspecified</pose>
		<truncated>0</truncated>
		<difficult>0</difficult>
		<bndbox>
			<xmin>291</xmin>
			<ymin>106</ymin>
			<xmax>496</xmax>
			<ymax>371</ymax>
		</bndbox>
	</object>
	<object>
		<name>banana</name>
		<pose>Unspecified</pose>
		<truncated>0</truncated>
		<difficult>0</difficult>
		<bndbox>
			<xmin>38</xmin>
			<ymin>215</ymin>
			<xmax>298</xmax>
			<ymax>363</ymax>
		</bndbox>
	</object>
	<object>
		<name>banana</name>
		<pose>Unspecified</pose>
		<truncated>0</truncated>
		<difficult>0</difficult>
		<bndbox>
			<xmin>45</xmin>
			<ymin>51</ymin>
			<xmax>304</xmax>
			<ymax>241</ymax>
		</bndbox>
	</object>
</annotation>
