<annotation>
	<folder>train</folder>
	<filename>lemon_0137.jpg</filename>
	<path>C:\FRUIT\train\lemon_0137.jpg</path>
	<source>
		<database>Unknown</database>
	</source>
	<size>
		<width>360</width>
		<height>270</height>
		<depth>3</depth>
	</size>
	<segmented>0</segmented>
	<object>
		<name>lemon</name>
		<pose>Unspecified</pose>
		<truncated>0</truncated>
		<difficult>0</difficult>
		<bndbox>
			<xmin>78</xmin>
			<ymin>79</ymin>
			<xmax>308</xmax>
			<ymax>247</ymax>
		</bndbox>
	</object>
</annotation>
