<annotation>
	<folder>train</folder>
	<filename>lemon_0065.jpg</filename>
	<path>C:\FRUIT\train\lemon_0065.jpg</path>
	<source>
		<database>Unknown</database>
	</source>
	<size>
		<width>500</width>
		<height>375</height>
		<depth>3</depth>
	</size>
	<segmented>0</segmented>
	<object>
		<name>lemon</name>
		<pose>Unspecified</pose>
		<truncated>0</truncated>
		<difficult>0</difficult>
		<bndbox>
			<xmin>81</xmin>
			<ymin>240</ymin>
			<xmax>233</xmax>
			<ymax>362</ymax>
		</bndbox>
	</object>
	<object>
		<name>lemon</name>
		<pose>Unspecified</pose>
		<truncated>1</truncated>
		<difficult>0</difficult>
		<bndbox>
			<xmin>270</xmin>
			<ymin>260</ymin>
			<xmax>373</xmax>
			<ymax>375</ymax>
		</bndbox>
	</object>
</annotation>
