<annotation>
	<folder>train</folder>
	<filename>lemon_0074.jpg</filename>
	<path>C:\FRUIT\train\lemon_0074.jpg</path>
	<source>
		<database>Unknown</database>
	</source>
	<size>
		<width>500</width>
		<height>333</height>
		<depth>3</depth>
	</size>
	<segmented>0</segmented>
	<object>
		<name>lemon</name>
		<pose>Unspecified</pose>
		<truncated>0</truncated>
		<difficult>0</difficult>
		<bndbox>
			<xmin>127</xmin>
			<ymin>101</ymin>
			<xmax>382</xmax>
			<ymax>303</ymax>
		</bndbox>
	</object>
</annotation>
