<annotation>
	<folder>train</folder>
	<filename>lemon_0027.jpg</filename>
	<path>C:\FRUIT\train\lemon_0027.jpg</path>
	<source>
		<database>Unknown</database>
	</source>
	<size>
		<width>500</width>
		<height>333</height>
		<depth>3</depth>
	</size>
	<segmented>0</segmented>
	<object>
		<name>lemon</name>
		<pose>Unspecified</pose>
		<truncated>0</truncated>
		<difficult>0</difficult>
		<bndbox>
			<xmin>174</xmin>
			<ymin>87</ymin>
			<xmax>281</xmax>
			<ymax>204</ymax>
		</bndbox>
	</object>
	<object>
		<name>lemon</name>
		<pose>Unspecified</pose>
		<truncated>0</truncated>
		<difficult>0</difficult>
		<bndbox>
			<xmin>203</xmin>
			<ymin>21</ymin>
			<xmax>329</xmax>
			<ymax>99</ymax>
		</bndbox>
	</object>
	<object>
		<name>lemon</name>
		<pose>Unspecified</pose>
		<truncated>0</truncated>
		<difficult>0</difficult>
		<bndbox>
			<xmin>324</xmin>
			<ymin>67</ymin>
			<xmax>424</xmax>
			<ymax>125</ymax>
		</bndbox>
	</object>
	<object>
		<name>lemon</name>
		<pose>Unspecified</pose>
		<truncated>0</truncated>
		<difficult>0</difficult>
		<bndbox>
			<xmin>278</xmin>
			<ymin>102</ymin>
			<xmax>360</xmax>
			<ymax>181</ymax>
		</bndbox>
	</object>
	<object>
		<name>lemon</name>
		<pose>Unspecified</pose>
		<truncated>0</truncated>
		<difficult>0</difficult>
		<bndbox>
			<xmin>372</xmin>
			<ymin>91</ymin>
			<xmax>493</xmax>
			<ymax>195</ymax>
		</bndbox>
	</object>
	<object>
		<name>lemon</name>
		<pose>Unspecified</pose>
		<truncated>0</truncated>
		<difficult>0</difficult>
		<bndbox>
			<xmin>283</xmin>
			<ymin>166</ymin>
			<xmax>436</xmax>
			<ymax>297</ymax>
		</bndbox>
	</object>
	<object>
		<name>lemon</name>
		<pose>Unspecified</pose>
		<truncated>0</truncated>
		<difficult>0</difficult>
		<bndbox>
			<xmin>162</xmin>
			<ymin>195</ymin>
			<xmax>300</xmax>
			<ymax>320</ymax>
		</bndbox>
	</object>
	<object>
		<name>lemon</name>
		<pose>Unspecified</pose>
		<truncated>0</truncated>
		<difficult>0</difficult>
		<bndbox>
			<xmin>59</xmin>
			<ymin>194</ymin>
			<xmax>176</xmax>
			<ymax>309</ymax>
		</bndbox>
	</object>
	<object>
		<name>lemon</name>
		<pose>Unspecified</pose>
		<truncated>0</truncated>
		<difficult>0</difficult>
		<bndbox>
			<xmin>67</xmin>
			<ymin>90</ymin>
			<xmax>179</xmax>
			<ymax>196</ymax>
		</bndbox>
	</object>
</annotation>
