<annotation>
	<folder>train</folder>
	<filename>lemon_0036.jpg</filename>
	<path>C:\FRUIT\train\lemon_0036.jpg</path>
	<source>
		<database>Unknown</database>
	</source>
	<size>
		<width>400</width>
		<height>500</height>
		<depth>3</depth>
	</size>
	<segmented>0</segmented>
	<object>
		<name>lemon</name>
		<pose>Unspecified</pose>
		<truncated>0</truncated>
		<difficult>0</difficult>
		<bndbox>
			<xmin>78</xmin>
			<ymin>101</ymin>
			<xmax>308</xmax>
			<ymax>393</ymax>
		</bndbox>
	</object>
	<object>
		<name>lemon</name>
		<pose>Unspecified</pose>
		<truncated>0</truncated>
		<difficult>0</difficult>
		<bndbox>
			<xmin>42</xmin>
			<ymin>365</ymin>
			<xmax>196</xmax>
			<ymax>489</ymax>
		</bndbox>
	</object>
</annotation>
