<annotation>
	<folder>train</folder>
	<filename>lemon_0085.jpg</filename>
	<path>C:\FRUIT\train\lemon_0085.jpg</path>
	<source>
		<database>Unknown</database>
	</source>
	<size>
		<width>500</width>
		<height>375</height>
		<depth>3</depth>
	</size>
	<segmented>0</segmented>
	<object>
		<name>lemon</name>
		<pose>Unspecified</pose>
		<truncated>0</truncated>
		<difficult>0</difficult>
		<bndbox>
			<xmin>9</xmin>
			<ymin>36</ymin>
			<xmax>233</xmax>
			<ymax>243</ymax>
		</bndbox>
	</object>
	<object>
		<name>banana</name>
		<pose>Unspecified</pose>
		<truncated>1</truncated>
		<difficult>0</difficult>
		<bndbox>
			<xmin>171</xmin>
			<ymin>209</ymin>
			<xmax>500</xmax>
			<ymax>365</ymax>
		</bndbox>
	</object>
	<object>
		<name>banana</name>
		<pose>Unspecified</pose>
		<truncated>1</truncated>
		<difficult>0</difficult>
		<bndbox>
			<xmin>9</xmin>
			<ymin>250</ymin>
			<xmax>215</xmax>
			<ymax>375</ymax>
		</bndbox>
	</object>
</annotation>
