<annotation>
	<folder>train</folder>
	<filename>lemon_0087.jpg</filename>
	<path>C:\FRUIT\train\lemon_0087.jpg</path>
	<source>
		<database>Unknown</database>
	</source>
	<size>
		<width>500</width>
		<height>413</height>
		<depth>3</depth>
	</size>
	<segmented>0</segmented>
	<object>
		<name>lemon</name>
		<pose>Unspecified</pose>
		<truncated>0</truncated>
		<difficult>0</difficult>
		<bndbox>
			<xmin>235</xmin>
			<ymin>40</ymin>
			<xmax>352</xmax>
			<ymax>154</ymax>
		</bndbox>
	</object>
	<object>
		<name>apple</name>
		<pose>Unspecified</pose>
		<truncated>0</truncated>
		<difficult>0</difficult>
		<bndbox>
			<xmin>193</xmin>
			<ymin>149</ymin>
			<xmax>393</xmax>
			<ymax>336</ymax>
		</bndbox>
	</object>
</annotation>
