<annotation>
	<folder>train</folder>
	<filename>lemon_0131.jpg</filename>
	<path>C:\FRUIT\train\lemon_0131.jpg</path>
	<source>
		<database>Unknown</database>
	</source>
	<size>
		<width>500</width>
		<height>375</height>
		<depth>3</depth>
	</size>
	<segmented>0</segmented>
	<object>
		<name>lemon</name>
		<pose>Unspecified</pose>
		<truncated>0</truncated>
		<difficult>0</difficult>
		<bndbox>
			<xmin>5</xmin>
			<ymin>2</ymin>
			<xmax>155</xmax>
			<ymax>226</ymax>
		</bndbox>
	</object>
	<object>
		<name>orange</name>
		<pose>Unspecified</pose>
		<truncated>0</truncated>
		<difficult>0</difficult>
		<bndbox>
			<xmin>27</xmin>
			<ymin>158</ymin>
			<xmax>204</xmax>
			<ymax>340</ymax>
		</bndbox>
	</object>
	<object>
		<name>banana</name>
		<pose>Unspecified</pose>
		<truncated>1</truncated>
		<difficult>0</difficult>
		<bndbox>
			<xmin>150</xmin>
			<ymin>9</ymin>
			<xmax>500</xmax>
			<ymax>367</ymax>
		</bndbox>
	</object>
</annotation>
