<annotation>
	<folder>train</folder>
	<filename>lemon_0126.jpg</filename>
	<path>C:\FRUIT\train\lemon_0126.jpg</path>
	<source>
		<database>Unknown</database>
	</source>
	<size>
		<width>500</width>
		<height>375</height>
		<depth>3</depth>
	</size>
	<segmented>0</segmented>
	<object>
		<name>lemon</name>
		<pose>Unspecified</pose>
		<truncated>0</truncated>
		<difficult>0</difficult>
		<bndbox>
			<xmin>72</xmin>
			<ymin>51</ymin>
			<xmax>319</xmax>
			<ymax>294</ymax>
		</bndbox>
	</object>
</annotation>
