<annotation>
	<folder>train</folder>
	<filename>lemon_0144.jpg</filename>
	<path>C:\FRUIT\train\lemon_0144.jpg</path>
	<source>
		<database>Unknown</database>
	</source>
	<size>
		<width>500</width>
		<height>375</height>
		<depth>3</depth>
	</size>
	<segmented>0</segmented>
	<object>
		<name>lemon</name>
		<pose>Unspecified</pose>
		<truncated>0</truncated>
		<difficult>0</difficult>
		<bndbox>
			<xmin>19</xmin>
			<ymin>124</ymin>
			<xmax>205</xmax>
			<ymax>367</ymax>
		</bndbox>
	</object>
	<object>
		<name>lemon</name>
		<pose>Unspecified</pose>
		<truncated>0</truncated>
		<difficult>0</difficult>
		<bndbox>
			<xmin>220</xmin>
			<ymin>135</ymin>
			<xmax>405</xmax>
			<ymax>326</ymax>
		</bndbox>
	</object>
</annotation>
