<annotation>
	<folder>train</folder>
	<filename>lemon_0086.jpg</filename>
	<path>C:\FRUIT\train\lemon_0086.jpg</path>
	<source>
		<database>Unknown</database>
	</source>
	<size>
		<width>500</width>
		<height>334</height>
		<depth>3</depth>
	</size>
	<segmented>0</segmented>
	<object>
		<name>lemon</name>
		<pose>Unspecified</pose>
		<truncated>0</truncated>
		<difficult>0</difficult>
		<bndbox>
			<xmin>263</xmin>
			<ymin>91</ymin>
			<xmax>380</xmax>
			<ymax>195</ymax>
		</bndbox>
	</object>
	<object>
		<name>lemon</name>
		<pose>Unspecified</pose>
		<truncated>0</truncated>
		<difficult>0</difficult>
		<bndbox>
			<xmin>387</xmin>
			<ymin>108</ymin>
			<xmax>481</xmax>
			<ymax>199</ymax>
		</bndbox>
	</object>
	<object>
		<name>lemon</name>
		<pose>Unspecified</pose>
		<truncated>0</truncated>
		<difficult>0</difficult>
		<bndbox>
			<xmin>290</xmin>
			<ymin>188</ymin>
			<xmax>397</xmax>
			<ymax>303</ymax>
		</bndbox>
	</object>
	<object>
		<name>lemon</name>
		<pose>Unspecified</pose>
		<truncated>1</truncated>
		<difficult>0</difficult>
		<bndbox>
			<xmin>401</xmin>
			<ymin>195</ymin>
			<xmax>500</xmax>
			<ymax>298</ymax>
		</bndbox>
	</object>
	<object>
		<name>lemon</name>
		<pose>Unspecified</pose>
		<truncated>0</truncated>
		<difficult>0</difficult>
		<bndbox>
			<xmin>178</xmin>
			<ymin>196</ymin>
			<xmax>322</xmax>
			<ymax>298</ymax>
		</bndbox>
	</object>
	<object>
		<name>lemon</name>
		<pose>Unspecified</pose>
		<truncated>0</truncated>
		<difficult>0</difficult>
		<bndbox>
			<xmin>72</xmin>
			<ymin>195</ymin>
			<xmax>197</xmax>
			<ymax>289</ymax>
		</bndbox>
	</object>
	<object>
		<name>lemon</name>
		<pose>Unspecified</pose>
		<truncated>0</truncated>
		<difficult>0</difficult>
		<bndbox>
			<xmin>99</xmin>
			<ymin>118</ymin>
			<xmax>182</xmax>
			<ymax>196</ymax>
		</bndbox>
	</object>
	<object>
		<name>lemon</name>
		<pose>Unspecified</pose>
		<truncated>0</truncated>
		<difficult>0</difficult>
		<bndbox>
			<xmin>123</xmin>
			<ymin>47</ymin>
			<xmax>223</xmax>
			<ymax>128</ymax>
		</bndbox>
	</object>
	<object>
		<name>lemon</name>
		<pose>Unspecified</pose>
		<truncated>0</truncated>
		<difficult>0</difficult>
		<bndbox>
			<xmin>175</xmin>
			<ymin>104</ymin>
			<xmax>275</xmax>
			<ymax>201</ymax>
		</bndbox>
	</object>
	<object>
		<name>lemon</name>
		<pose>Unspecified</pose>
		<truncated>0</truncated>
		<difficult>0</difficult>
		<bndbox>
			<xmin>16</xmin>
			<ymin>109</ymin>
			<xmax>97</xmax>
			<ymax>196</ymax>
		</bndbox>
	</object>
	<object>
		<name>lemon</name>
		<pose>Unspecified</pose>
		<truncated>0</truncated>
		<difficult>0</difficult>
		<bndbox>
			<xmin>15</xmin>
			<ymin>24</ymin>
			<xmax>88</xmax>
			<ymax>113</ymax>
		</bndbox>
	</object>
	<object>
		<name>lemon</name>
		<pose>Unspecified</pose>
		<truncated>0</truncated>
		<difficult>0</difficult>
		<bndbox>
			<xmin>13</xmin>
			<ymin>196</ymin>
			<xmax>79</xmax>
			<ymax>290</ymax>
		</bndbox>
	</object>
	<object>
		<name>lemon</name>
		<pose>Unspecified</pose>
		<truncated>0</truncated>
		<difficult>0</difficult>
		<bndbox>
			<xmin>203</xmin>
			<ymin>17</ymin>
			<xmax>268</xmax>
			<ymax>114</ymax>
		</bndbox>
	</object>
	<object>
		<name>lemon</name>
		<pose>Unspecified</pose>
		<truncated>0</truncated>
		<difficult>0</difficult>
		<bndbox>
			<xmin>278</xmin>
			<ymin>27</ymin>
			<xmax>361</xmax>
			<ymax>116</ymax>
		</bndbox>
	</object>
	<object>
		<name>lemon</name>
		<pose>Unspecified</pose>
		<truncated>0</truncated>
		<difficult>0</difficult>
		<bndbox>
			<xmin>366</xmin>
			<ymin>24</ymin>
			<xmax>469</xmax>
			<ymax>115</ymax>
		</bndbox>
	</object>
</annotation>
