<annotation>
	<folder>train</folder>
	<filename>lemon_0048.jpg</filename>
	<path>C:\FRUIT\train\lemon_0048.jpg</path>
	<source>
		<database>Unknown</database>
	</source>
	<size>
		<width>500</width>
		<height>375</height>
		<depth>3</depth>
	</size>
	<segmented>0</segmented>
	<object>
		<name>lemon</name>
		<pose>Unspecified</pose>
		<truncated>0</truncated>
		<difficult>0</difficult>
		<bndbox>
			<xmin>99</xmin>
			<ymin>153</ymin>
			<xmax>180</xmax>
			<ymax>243</ymax>
		</bndbox>
	</object>
	<object>
		<name>lemon</name>
		<pose>Unspecified</pose>
		<truncated>0</truncated>
		<difficult>0</difficult>
		<bndbox>
			<xmin>302</xmin>
			<ymin>187</ymin>
			<xmax>425</xmax>
			<ymax>293</ymax>
		</bndbox>
	</object>
</annotation>
