<annotation>
	<folder>train</folder>
	<filename>lemon_0103.jpg</filename>
	<path>C:\FRUIT\train\lemon_0103.jpg</path>
	<source>
		<database>Unknown</database>
	</source>
	<size>
		<width>500</width>
		<height>372</height>
		<depth>3</depth>
	</size>
	<segmented>0</segmented>
	<object>
		<name>lemon</name>
		<pose>Unspecified</pose>
		<truncated>1</truncated>
		<difficult>0</difficult>
		<bndbox>
			<xmin>455</xmin>
			<ymin>246</ymin>
			<xmax>497</xmax>
			<ymax>372</ymax>
		</bndbox>
	</object>
</annotation>
