<annotation>
	<folder>train</folder>
	<filename>lemon_0031.jpg</filename>
	<path>C:\FRUIT\train\lemon_0031.jpg</path>
	<source>
		<database>Unknown</database>
	</source>
	<size>
		<width>449</width>
		<height>500</height>
		<depth>3</depth>
	</size>
	<segmented>0</segmented>
	<object>
		<name>lemon</name>
		<pose>Unspecified</pose>
		<truncated>1</truncated>
		<difficult>0</difficult>
		<bndbox>
			<xmin>275</xmin>
			<ymin>28</ymin>
			<xmax>449</xmax>
			<ymax>288</ymax>
		</bndbox>
	</object>
</annotation>
