<annotation>
	<folder>train</folder>
	<filename>lemon_0064.jpg</filename>
	<path>C:\FRUIT\train\lemon_0064.jpg</path>
	<source>
		<database>Unknown</database>
	</source>
	<size>
		<width>500</width>
		<height>333</height>
		<depth>3</depth>
	</size>
	<segmented>0</segmented>
	<object>
		<name>lemon</name>
		<pose>Unspecified</pose>
		<truncated>0</truncated>
		<difficult>0</difficult>
		<bndbox>
			<xmin>4</xmin>
			<ymin>82</ymin>
			<xmax>143</xmax>
			<ymax>273</ymax>
		</bndbox>
	</object>
</annotation>
