<annotation>
	<folder>train</folder>
	<filename>lemon_0063.jpg</filename>
	<path>C:\FRUIT\train\lemon_0063.jpg</path>
	<source>
		<database>Unknown</database>
	</source>
	<size>
		<width>500</width>
		<height>333</height>
		<depth>3</depth>
	</size>
	<segmented>0</segmented>
	<object>
		<name>lemon</name>
		<pose>Unspecified</pose>
		<truncated>0</truncated>
		<difficult>0</difficult>
		<bndbox>
			<xmin>139</xmin>
			<ymin>223</ymin>
			<xmax>227</xmax>
			<ymax>291</ymax>
		</bndbox>
	</object>
	<object>
		<name>lemon</name>
		<pose>Unspecified</pose>
		<truncated>0</truncated>
		<difficult>0</difficult>
		<bndbox>
			<xmin>22</xmin>
			<ymin>245</ymin>
			<xmax>108</xmax>
			<ymax>311</ymax>
		</bndbox>
	</object>
	<object>
		<name>lemon</name>
		<pose>Unspecified</pose>
		<truncated>0</truncated>
		<difficult>0</difficult>
		<bndbox>
			<xmin>38</xmin>
			<ymin>214</ymin>
			<xmax>119</xmax>
			<ymax>276</ymax>
		</bndbox>
	</object>
</annotation>
