<annotation>
	<folder>train</folder>
	<filename>lemon_0045.jpg</filename>
	<path>C:\FRUIT\train\lemon_0045.jpg</path>
	<source>
		<database>Unknown</database>
	</source>
	<size>
		<width>375</width>
		<height>500</height>
		<depth>3</depth>
	</size>
	<segmented>0</segmented>
	<object>
		<name>lemon</name>
		<pose>Unspecified</pose>
		<truncated>0</truncated>
		<difficult>0</difficult>
		<bndbox>
			<xmin>68</xmin>
			<ymin>160</ymin>
			<xmax>284</xmax>
			<ymax>394</ymax>
		</bndbox>
	</object>
</annotation>
