<annotation>
	<folder>train</folder>
	<filename>lemon_0097.jpg</filename>
	<path>C:\FRUIT\train\lemon_0097.jpg</path>
	<source>
		<database>Unknown</database>
	</source>
	<size>
		<width>500</width>
		<height>332</height>
		<depth>3</depth>
	</size>
	<segmented>0</segmented>
	<object>
		<name>lemon</name>
		<pose>Unspecified</pose>
		<truncated>0</truncated>
		<difficult>0</difficult>
		<bndbox>
			<xmin>273</xmin>
			<ymin>133</ymin>
			<xmax>471</xmax>
			<ymax>296</ymax>
		</bndbox>
	</object>
	<object>
		<name>apple</name>
		<pose>Unspecified</pose>
		<truncated>0</truncated>
		<difficult>0</difficult>
		<bndbox>
			<xmin>39</xmin>
			<ymin>72</ymin>
			<xmax>255</xmax>
			<ymax>296</ymax>
		</bndbox>
	</object>
</annotation>
