<annotation>
	<folder>train</folder>
	<filename>lemon_0101.jpg</filename>
	<path>C:\FRUIT\train\lemon_0101.jpg</path>
	<source>
		<database>Unknown</database>
	</source>
	<size>
		<width>500</width>
		<height>375</height>
		<depth>3</depth>
	</size>
	<segmented>0</segmented>
	<object>
		<name>lemon</name>
		<pose>Unspecified</pose>
		<truncated>0</truncated>
		<difficult>0</difficult>
		<bndbox>
			<xmin>78</xmin>
			<ymin>138</ymin>
			<xmax>277</xmax>
			<ymax>356</ymax>
		</bndbox>
	</object>
	<object>
		<name>lemon</name>
		<pose>Unspecified</pose>
		<truncated>0</truncated>
		<difficult>0</difficult>
		<bndbox>
			<xmin>251</xmin>
			<ymin>66</ymin>
			<xmax>475</xmax>
			<ymax>257</ymax>
		</bndbox>
	</object>
</annotation>
