<annotation>
	<folder>train</folder>
	<filename>lemon_0053.jpg</filename>
	<path>C:\FRUIT\train\lemon_0053.jpg</path>
	<source>
		<database>Unknown</database>
	</source>
	<size>
		<width>480</width>
		<height>480</height>
		<depth>3</depth>
	</size>
	<segmented>0</segmented>
	<object>
		<name>lemon</name>
		<pose>Unspecified</pose>
		<truncated>0</truncated>
		<difficult>0</difficult>
		<bndbox>
			<xmin>22</xmin>
			<ymin>102</ymin>
			<xmax>471</xmax>
			<ymax>466</ymax>
		</bndbox>
	</object>
</annotation>
