<annotation>
	<folder>train</folder>
	<filename>lemon_0025.jpg</filename>
	<path>C:\FRUIT\train\lemon_0025.jpg</path>
	<source>
		<database>Unknown</database>
	</source>
	<size>
		<width>320</width>
		<height>481</height>
		<depth>3</depth>
	</size>
	<segmented>0</segmented>
	<object>
		<name>lemon</name>
		<pose>Unspecified</pose>
		<truncated>0</truncated>
		<difficult>0</difficult>
		<bndbox>
			<xmin>4</xmin>
			<ymin>99</ymin>
			<xmax>168</xmax>
			<ymax>244</ymax>
		</bndbox>
	</object>
	<object>
		<name>pear</name>
		<pose>Unspecified</pose>
		<truncated>0</truncated>
		<difficult>0</difficult>
		<bndbox>
			<xmin>4</xmin>
			<ymin>177</ymin>
			<xmax>191</xmax>
			<ymax>460</ymax>
		</bndbox>
	</object>
</annotation>
