<annotation>
	<folder>train</folder>
	<filename>lemon_0066.jpg</filename>
	<path>C:\FRUIT\train\lemon_0066.jpg</path>
	<source>
		<database>Unknown</database>
	</source>
	<size>
		<width>500</width>
		<height>375</height>
		<depth>3</depth>
	</size>
	<segmented>0</segmented>
	<object>
		<name>lemon</name>
		<pose>Unspecified</pose>
		<truncated>1</truncated>
		<difficult>0</difficult>
		<bndbox>
			<xmin>434</xmin>
			<ymin>39</ymin>
			<xmax>500</xmax>
			<ymax>126</ymax>
		</bndbox>
	</object>
	<object>
		<name>lemon</name>
		<pose>Unspecified</pose>
		<truncated>0</truncated>
		<difficult>0</difficult>
		<bndbox>
			<xmin>396</xmin>
			<ymin>56</ymin>
			<xmax>427</xmax>
			<ymax>93</ymax>
		</bndbox>
	</object>
	<object>
		<name>lemon</name>
		<pose>Unspecified</pose>
		<truncated>0</truncated>
		<difficult>0</difficult>
		<bndbox>
			<xmin>400</xmin>
			<ymin>21</ymin>
			<xmax>460</xmax>
			<ymax>65</ymax>
		</bndbox>
	</object>
</annotation>
