<annotation>
	<folder>train</folder>
	<filename>lemon_0067.jpg</filename>
	<path>C:\FRUIT\train\lemon_0067.jpg</path>
	<source>
		<database>Unknown</database>
	</source>
	<size>
		<width>375</width>
		<height>500</height>
		<depth>3</depth>
	</size>
	<segmented>0</segmented>
	<object>
		<name>lemon</name>
		<pose>Unspecified</pose>
		<truncated>1</truncated>
		<difficult>0</difficult>
		<bndbox>
			<xmin>55</xmin>
			<ymin>92</ymin>
			<xmax>360</xmax>
			<ymax>500</ymax>
		</bndbox>
	</object>
</annotation>
