<annotation>
	<folder>train</folder>
	<filename>lemon_0089.jpg</filename>
	<path>C:\FRUIT\train\lemon_0089.jpg</path>
	<source>
		<database>Unknown</database>
	</source>
	<size>
		<width>500</width>
		<height>334</height>
		<depth>3</depth>
	</size>
	<segmented>0</segmented>
	<object>
		<name>lemon</name>
		<pose>Unspecified</pose>
		<truncated>0</truncated>
		<difficult>0</difficult>
		<bndbox>
			<xmin>267</xmin>
			<ymin>102</ymin>
			<xmax>489</xmax>
			<ymax>308</ymax>
		</bndbox>
	</object>
	<object>
		<name>lemon</name>
		<pose>Unspecified</pose>
		<truncated>0</truncated>
		<difficult>0</difficult>
		<bndbox>
			<xmin>42</xmin>
			<ymin>30</ymin>
			<xmax>260</xmax>
			<ymax>281</ymax>
		</bndbox>
	</object>
</annotation>
