<annotation>
	<folder>train</folder>
	<filename>lemon_0008.jpg</filename>
	<path>C:\FRUIT\train\lemon_0008.jpg</path>
	<source>
		<database>Unknown</database>
	</source>
	<size>
		<width>500</width>
		<height>375</height>
		<depth>3</depth>
	</size>
	<segmented>0</segmented>
	<object>
		<name>lemon</name>
		<pose>Unspecified</pose>
		<truncated>0</truncated>
		<difficult>0</difficult>
		<bndbox>
			<xmin>129</xmin>
			<ymin>8</ymin>
			<xmax>269</xmax>
			<ymax>131</ymax>
		</bndbox>
	</object>
	<object>
		<name>lemon</name>
		<pose>Unspecified</pose>
		<truncated>0</truncated>
		<difficult>0</difficult>
		<bndbox>
			<xmin>277</xmin>
			<ymin>3</ymin>
			<xmax>433</xmax>
			<ymax>118</ymax>
		</bndbox>
	</object>
	<object>
		<name>lemon</name>
		<pose>Unspecified</pose>
		<truncated>0</truncated>
		<difficult>0</difficult>
		<bndbox>
			<xmin>399</xmin>
			<ymin>41</ymin>
			<xmax>489</xmax>
			<ymax>178</ymax>
		</bndbox>
	</object>
	<object>
		<name>lemon</name>
		<pose>Unspecified</pose>
		<truncated>0</truncated>
		<difficult>0</difficult>
		<bndbox>
			<xmin>288</xmin>
			<ymin>122</ymin>
			<xmax>435</xmax>
			<ymax>241</ymax>
		</bndbox>
	</object>
	<object>
		<name>lemon</name>
		<pose>Unspecified</pose>
		<truncated>0</truncated>
		<difficult>0</difficult>
		<bndbox>
			<xmin>244</xmin>
			<ymin>65</ymin>
			<xmax>301</xmax>
			<ymax>165</ymax>
		</bndbox>
	</object>
	<object>
		<name>lemon</name>
		<pose>Unspecified</pose>
		<truncated>0</truncated>
		<difficult>0</difficult>
		<bndbox>
			<xmin>110</xmin>
			<ymin>127</ymin>
			<xmax>261</xmax>
			<ymax>280</ymax>
		</bndbox>
	</object>
	<object>
		<name>lemon</name>
		<pose>Unspecified</pose>
		<truncated>0</truncated>
		<difficult>0</difficult>
		<bndbox>
			<xmin>23</xmin>
			<ymin>131</ymin>
			<xmax>123</xmax>
			<ymax>242</ymax>
		</bndbox>
	</object>
	<object>
		<name>lemon</name>
		<pose>Unspecified</pose>
		<truncated>0</truncated>
		<difficult>0</difficult>
		<bndbox>
			<xmin>73</xmin>
			<ymin>56</ymin>
			<xmax>157</xmax>
			<ymax>145</ymax>
		</bndbox>
	</object>
	<object>
		<name>lemon</name>
		<pose>Unspecified</pose>
		<truncated>0</truncated>
		<difficult>0</difficult>
		<bndbox>
			<xmin>212</xmin>
			<ymin>189</ymin>
			<xmax>365</xmax>
			<ymax>345</ymax>
		</bndbox>
	</object>
</annotation>
