<annotation>
	<folder>train</folder>
	<filename>lemon_0051.jpg</filename>
	<path>C:\FRUIT\train\lemon_0051.jpg</path>
	<source>
		<database>Unknown</database>
	</source>
	<size>
		<width>500</width>
		<height>390</height>
		<depth>3</depth>
	</size>
	<segmented>0</segmented>
	<object>
		<name>lemon</name>
		<pose>Unspecified</pose>
		<truncated>0</truncated>
		<difficult>0</difficult>
		<bndbox>
			<xmin>223</xmin>
			<ymin>118</ymin>
			<xmax>474</xmax>
			<ymax>309</ymax>
		</bndbox>
	</object>
</annotation>
