<annotation>
	<folder>train</folder>
	<filename>lemon_0050.jpg</filename>
	<path>C:\FRUIT\train\lemon_0050.jpg</path>
	<source>
		<database>Unknown</database>
	</source>
	<size>
		<width>365</width>
		<height>500</height>
		<depth>3</depth>
	</size>
	<segmented>0</segmented>
	<object>
		<name>lemon</name>
		<pose>Unspecified</pose>
		<truncated>0</truncated>
		<difficult>0</difficult>
		<bndbox>
			<xmin>209</xmin>
			<ymin>208</ymin>
			<xmax>266</xmax>
			<ymax>266</ymax>
		</bndbox>
	</object>
	<object>
		<name>lemon</name>
		<pose>Unspecified</pose>
		<truncated>0</truncated>
		<difficult>0</difficult>
		<bndbox>
			<xmin>254</xmin>
			<ymin>252</ymin>
			<xmax>317</xmax>
			<ymax>310</ymax>
		</bndbox>
	</object>
</annotation>
