<annotation>
	<folder>train</folder>
	<filename>lemon_0021.jpg</filename>
	<path>C:\FRUIT\train\lemon_0021.jpg</path>
	<source>
		<database>Unknown</database>
	</source>
	<size>
		<width>333</width>
		<height>500</height>
		<depth>3</depth>
	</size>
	<segmented>0</segmented>
	<object>
		<name>lemon</name>
		<pose>Unspecified</pose>
		<truncated>0</truncated>
		<difficult>0</difficult>
		<bndbox>
			<xmin>116</xmin>
			<ymin>272</ymin>
			<xmax>284</xmax>
			<ymax>465</ymax>
		</bndbox>
	</object>
	<object>
		<name>lemon</name>
		<pose>Unspecified</pose>
		<truncated>0</truncated>
		<difficult>0</difficult>
		<bndbox>
			<xmin>135</xmin>
			<ymin>151</ymin>
			<xmax>305</xmax>
			<ymax>299</ymax>
		</bndbox>
	</object>
</annotation>
