<annotation>
	<folder>train</folder>
	<filename>lemon_0081.jpg</filename>
	<path>C:\FRUIT\train\lemon_0081.jpg</path>
	<source>
		<database>Unknown</database>
	</source>
	<size>
		<width>500</width>
		<height>375</height>
		<depth>3</depth>
	</size>
	<segmented>0</segmented>
	<object>
		<name>lemon</name>
		<pose>Unspecified</pose>
		<truncated>0</truncated>
		<difficult>0</difficult>
		<bndbox>
			<xmin>10</xmin>
			<ymin>88</ymin>
			<xmax>225</xmax>
			<ymax>336</ymax>
		</bndbox>
	</object>
	<object>
		<name>lemon</name>
		<pose>Unspecified</pose>
		<truncated>0</truncated>
		<difficult>0</difficult>
		<bndbox>
			<xmin>239</xmin>
			<ymin>33</ymin>
			<xmax>347</xmax>
			<ymax>117</ymax>
		</bndbox>
	</object>
	<object>
		<name>lemon</name>
		<pose>Unspecified</pose>
		<truncated>1</truncated>
		<difficult>0</difficult>
		<bndbox>
			<xmin>360</xmin>
			<ymin>28</ymin>
			<xmax>500</xmax>
			<ymax>142</ymax>
		</bndbox>
	</object>
</annotation>
