<annotation>
	<folder>train</folder>
	<filename>lemon_0118.jpg</filename>
	<path>C:\FRUIT\train\lemon_0118.jpg</path>
	<source>
		<database>Unknown</database>
	</source>
	<size>
		<width>500</width>
		<height>375</height>
		<depth>3</depth>
	</size>
	<segmented>0</segmented>
	<object>
		<name>lemon</name>
		<pose>Unspecified</pose>
		<truncated>0</truncated>
		<difficult>0</difficult>
		<bndbox>
			<xmin>27</xmin>
			<ymin>104</ymin>
			<xmax>259</xmax>
			<ymax>339</ymax>
		</bndbox>
	</object>
</annotation>
