<annotation>
	<folder>train</folder>
	<filename>lemon_0023.jpg</filename>
	<path>C:\FRUIT\train\lemon_0023.jpg</path>
	<source>
		<database>Unknown</database>
	</source>
	<size>
		<width>500</width>
		<height>499</height>
		<depth>3</depth>
	</size>
	<segmented>0</segmented>
	<object>
		<name>lemon</name>
		<pose>Unspecified</pose>
		<truncated>0</truncated>
		<difficult>0</difficult>
		<bndbox>
			<xmin>51</xmin>
			<ymin>36</ymin>
			<xmax>475</xmax>
			<ymax>477</ymax>
		</bndbox>
	</object>
</annotation>
