<annotation>
	<folder>train</folder>
	<filename>lemon_0059.jpg</filename>
	<path>C:\FRUIT\train\lemon_0059.jpg</path>
	<source>
		<database>Unknown</database>
	</source>
	<size>
		<width>468</width>
		<height>500</height>
		<depth>3</depth>
	</size>
	<segmented>0</segmented>
	<object>
		<name>lemon</name>
		<pose>Unspecified</pose>
		<truncated>0</truncated>
		<difficult>0</difficult>
		<bndbox>
			<xmin>216</xmin>
			<ymin>296</ymin>
			<xmax>385</xmax>
			<ymax>431</ymax>
		</bndbox>
	</object>
	<object>
		<name>lemon</name>
		<pose>Unspecified</pose>
		<truncated>0</truncated>
		<difficult>0</difficult>
		<bndbox>
			<xmin>2</xmin>
			<ymin>46</ymin>
			<xmax>90</xmax>
			<ymax>143</ymax>
		</bndbox>
	</object>
</annotation>
