<annotation>
	<folder>train</folder>
	<filename>lemon_0122.jpg</filename>
	<path>C:\FRUIT\train\lemon_0122.jpg</path>
	<source>
		<database>Unknown</database>
	</source>
	<size>
		<width>333</width>
		<height>500</height>
		<depth>3</depth>
	</size>
	<segmented>0</segmented>
	<object>
		<name>lemon</name>
		<pose>Unspecified</pose>
		<truncated>0</truncated>
		<difficult>0</difficult>
		<bndbox>
			<xmin>19</xmin>
			<ymin>237</ymin>
			<xmax>263</xmax>
			<ymax>492</ymax>
		</bndbox>
	</object>
</annotation>
