<annotation>
	<folder>train</folder>
	<filename>lemon_0068.jpg</filename>
	<path>C:\FRUIT\train\lemon_0068.jpg</path>
	<source>
		<database>Unknown</database>
	</source>
	<size>
		<width>500</width>
		<height>375</height>
		<depth>3</depth>
	</size>
	<segmented>0</segmented>
	<object>
		<name>lemon</name>
		<pose>Unspecified</pose>
		<truncated>0</truncated>
		<difficult>0</difficult>
		<bndbox>
			<xmin>207</xmin>
			<ymin>9</ymin>
			<xmax>372</xmax>
			<ymax>168</ymax>
		</bndbox>
	</object>
	<object>
		<name>lemon</name>
		<pose>Unspecified</pose>
		<truncated>0</truncated>
		<difficult>0</difficult>
		<bndbox>
			<xmin>312</xmin>
			<ymin>120</ymin>
			<xmax>483</xmax>
			<ymax>261</ymax>
		</bndbox>
	</object>
	<object>
		<name>lemon</name>
		<pose>Unspecified</pose>
		<truncated>0</truncated>
		<difficult>0</difficult>
		<bndbox>
			<xmin>192</xmin>
			<ymin>209</ymin>
			<xmax>327</xmax>
			<ymax>358</ymax>
		</bndbox>
	</object>
	<object>
		<name>lemon</name>
		<pose>Unspecified</pose>
		<truncated>0</truncated>
		<difficult>0</difficult>
		<bndbox>
			<xmin>27</xmin>
			<ymin>210</ymin>
			<xmax>194</xmax>
			<ymax>372</ymax>
		</bndbox>
	</object>
	<object>
		<name>lemon</name>
		<pose>Unspecified</pose>
		<truncated>0</truncated>
		<difficult>0</difficult>
		<bndbox>
			<xmin>58</xmin>
			<ymin>42</ymin>
			<xmax>211</xmax>
			<ymax>188</ymax>
		</bndbox>
	</object>
</annotation>
